Species	Formula	EoF0	EoF298	Unc	MW	ATcT_ID	Hill
Dihydrogen	H2	0.0	0.0	-999.0	2.01588	1333-74-0*0	H2
Helium	He	0.0	0.0	-999.0	4.002602	7440-59-7*0	He
Dinitrogen	N2	0.0	0.0	-999.0	28.01348	7727-37-9*0	N2
Dioxygen	O2	0.0	0.0	-999.0	31.9988	7782-44-7*0	O2
Difluorine	F2	0.0	0.0	-999.0	37.9968064	7782-41-4*0	F2
Neon	Ne	0.0	0.0	-999.0	20.1797	7440-01-9*0	Ne
Dichlorine	Cl2	0.0	0.0	-999.0	70.9054	7782-50-5*0	Cl2
Argon	Ar	0.0	0.0	-999.0	39.948	7440-37-1*0	Ar
Krypton	Kr	0.0	0.0	-999.0	83.8	7439-90-9*0	Kr
Xenon	Xe	0.0	0.0	-999.0	131.29	7440-63-3*0	Xe
Deuterium molecule	D2	0.0	0.0	-999.0	4.028203556	7782-39-0*0	D2
Hydrogen atom	H	216.034	217.998	0.0	1.00794	12385-13-6*0	H
Carbon	C	711.398	716.883	0.045	12.0107	7440-44-0*0	C
Oxygen atom	O	246.844	249.229	0.0021	15.9994	17778-80-2*0	O
Nitrogen atom	N	470.579	472.442	0.024	14.00674	17778-88-0*0	N
Methane	CH4	-66.557	-74.526	0.049	16.04246	74-82-8*0	CH4
Carbon dioxide	CO2	-393.11	-393.476	0.015	44.0095	124-38-9*0	CO2
Ethane	CH3CH3	-68.41	-84.04	0.13	30.069	74-84-0*0	C2H6
Chlorine atom	Cl	119.621	121.302	0.0011	35.4527	22537-15-1*0	Cl
Hydron	H+	1528.084	1530.047	0.0	1.007391	12408-02-5*0	H+
Water	H2O	-238.929	-241.832	0.026	18.01528	7732-18-5*0	H2O
Fluorine atom	F	77.258	79.364	0.047	18.9984032	14762-94-8*0	F
Ethylene	CH2CH2	60.84	52.32	0.12	28.0532	74-85-1*0	C2H4
Methyl	CH3	149.866	146.452	0.055	15.03452	2229-07-4*0	CH3
Methanol	CH3OH	-190.03	-200.91	0.15	32.04186	67-56-1*0	CH4O
Bromine atom	Br	117.917	111.855	0.056	79.904	10097-32-2*0	Br
Propane	CH3CH2CH3	-82.78	-105.07	0.16	44.0956	74-98-6*0	C3H8
Hydroxyl	OH	37.252	37.492	0.026	17.00734	3352-57-6*0	HO
Hydrogen chloride	HCl	-91.989	-92.173	0.0062	36.46064	7647-01-0*0	ClH
Carbon monoxide	CO	-113.804	-110.524	0.026	28.0101	630-08-0*0	CO
Formaldehyde	CH2O	-105.376	-109.214	0.096	30.02598	50-00-0*0	CH2O
Ethanol	CH3CH2OH	-217.32	-235.04	0.22	46.0684	64-17-5*0	C2H6O
Ammonia	NH3	-38.565	-45.558	0.029	17.03056	7664-41-7*0	H3N
Acetylene	HCCH	228.84	228.28	0.13	26.0373	74-86-2*0	C2H2
Hydrogen fluoride	HF	-272.674	-272.721	0.048	20.006343	7664-39-3*0	FH
Hydrogen bromide	HBr	-27.6	-35.45	0.14	80.9119	10035-10-6*0	BrH
Iodine	I	107.157	106.757	0.0021	126.90447	14362-44-8*0	I
Ethyl	CH3CH2	131.07	119.99	0.25	29.0611	2025-56-1*0	C2H5
Hydrogen cyanide	HCN	129.665	129.28	0.089	27.02538	74-90-8*0	CHN
Nitric oxide	NO	90.631	91.135	0.066	30.00614	10102-43-9*0	NO
Chloromethane	CH3Cl	-74.31	-82.24	0.25	50.4872	74-87-3*0	CH3Cl
Propene	CH3CHCH2	34.89	19.88	0.19	42.0797	115-07-1*0	C3H6
Benzene	C6H6	100.63	83.12	0.22	78.1118	71-43-2*0	C6H6
Propyne	CH3CCH	192.7	185.64	0.22	40.0639	74-99-7*0	C3H4
Nitrogen dioxide	ONO	36.871	34.064	0.066	46.00554	10102-44-0*0	NO2
Hydrogen iodide	HI	28.646	26.471	0.036	127.91241	10034-85-2*0	HI
Hydroxyde	[OH]-	-139.089	-139.056	0.026	17.00789	14280-30-9*0	HO-
Dioxidanyl	HO2	15.12	12.21	0.15	33.00674	3170-83-0*0	HO2
Acetaldehyde	CH3CHO	-155.06	-165.54	0.25	44.0526	75-07-0*0	C2H4O
Fluoromethane	CH3F	-227.46	-235.49	0.23	34.03292	593-53-3*0	CH3F
Hydrogen peroxide	H2O2	-129.472	-135.458	0.063	34.01468	7722-84-1*0	H2O2
n-Butane	CH3CH2CH2CH3	-98.44	-125.75	0.24	58.1222	106-97-8*0	C4H10
Allene	CH2CCH2	197.27	189.78	0.24	40.0639	463-49-0*0	C3H4
Bromomethane	CH3Br	-20.21	-35.61	0.26	94.9385	74-83-9*0	CH3Br
Silicon	Si	450.53	454.86	0.64	28.0855	7440-21-3*0	Si
Methylamine	CH3NH2	-6.52	-21.23	0.24	31.05714	74-89-5*0	CH5N
Vinyl	CH2CH	301.21	297.01	0.31	27.0452	2669-89-8*0	C2H3
Methoxy	CH3O	28.8	21.43	0.28	31.03392	2143-68-2*0	CH3O
Hypochlorous acid	HOCl	-73.866	-76.805	0.027	52.46004	7790-92-3*0	ClHO
Tetrafluoromethane	CF4	-927.5	-933.47	0.25	88.00431	75-73-0*0	CF4
Dibromine	Br2	45.68	30.89	0.12	159.808	7726-95-6*0	Br2
Acetone	CH3C(O)CH3	-200.05	-216.74	0.35	58.0791	67-64-1*0	C3H6O
Tetrachloromethane	CCl4	-93.44	-95.61	0.43	153.8215	56-23-5*0	CCl4
Fluoride	F-	-250.907	-249.122	0.047	18.99895178	16984-48-8*0	F-
Diiodine	I2	65.497	62.417	0.0041	253.80894	7553-56-2*0	I2
iso-Butane	CH(CH3)3	-106.02	-134.62	0.3	58.1222	75-28-5*0	C4H10
1,3-Butadiene	CH2CHCHCH2	125.38	110.9	0.33	54.0904	106-99-0*0	C4H6
Ketene	CH2CO	-45.35	-48.47	0.11	42.0367	463-51-4*0	C2H2O
Chloroethane	CH3CH2Cl	-96.9	-111.49	0.26	64.5138	75-00-3*0	C2H5Cl
Phenyl	C6H5	350.67	337.31	0.51	77.1039	2396-01-2*0	C6H5
Hydroxymethyl	CH2OH	-10.44	-16.75	0.27	31.03392	2597-43-5*0	CH3O
Toluene	C6H5CH3	73.39	50.11	0.33	92.1384	108-88-3*0	C7H8
Methylidyne	CH	592.825	596.159	0.097	13.01864	3315-37-5*0	CH
Methoxide	[CH3O]-	-122.59	-130.32	0.28	31.03447	3315-60-4*0	CH3O-
Nitrilomethyl	CN	436.76	440.04	0.14	26.01744	2074-87-5*0	CN
Acetonitrile	CH3CN	81.11	74.05	0.25	41.052	75-05-8*0	C2H3N
Silane	SiH4	42.88	33.27	0.7	32.11726	7803-62-5*0	H4Si
Propargyl	CH2CCH	353.94	351.35	0.33	39.0559	2932-78-7*0	C3H3
Ozone	OOO	144.397	141.735	0.039	47.9982	10028-15-6*0	O3
Oxonium	[H3O]+	605.85	599.1	0.17	19.02267	13968-08-6*0	H3O+
Fluoroform	CHF3	-689.05	-696.0	0.41	70.01385	75-46-7*0	CHF3
Trifluoromethyl	CF3	-464.95	-467.75	0.45	69.00591	2264-21-3*0	CF3
Ethylium	[CH3CH2]+	914.95	902.88	0.3	29.0606	14936-94-8*0	C2H5+
Phenol	C6H5OH	-74.74	-93.34	0.63	94.1112	108-95-2*0	C6H6O
Chloride	Cl-	-228.953	-227.346	0.0021	35.45325	16887-00-6*0	Cl-
Bromide	Br-	-206.619	-212.682	0.056	79.90455	24959-67-9*0	Br-
Oxomethylium	[HCO]+	827.77	827.185	0.096	29.01749	17030-74-9*0	CHO+
Hypobromous acid	HOBr	-51.51	-61.99	0.47	96.9113	13517-11-8*0	BrHO
Amidogen	NH2	188.92	186.03	0.11	16.02262	13770-40-6*0	H2N
Formyl	HCO	41.394	41.77	0.096	29.01804	2597-44-6*0	CHO
Chlorooxidanyl	ClO	101.124	101.716	0.035	51.4521	14989-30-1*0	ClO
Formamide	CH(O)NH2	-178.57	-188.94	0.36	45.04066	75-12-7*0	CH3NO
Methyl hydroperoxide	CH3OOH	-114.92	-127.74	0.5	48.0413	3031-73-0*0	CH4O2
Allyl	CH2CHCH2	180.02	168.3	0.42	41.0718	1981-80-2*0	C3H5
Imidogen	NH	358.74	358.79	0.16	15.01468	13774-92-0*0	HN
Dioxymethyl	CH2OO	111.95	104.95	0.62	46.0254	56077-92-0*0	CH2O2
Cyanoacetylene	HCCCN	372.1	373.84	0.62	51.0468	1070-71-9*0	C3HN
Nitric acid	HON(O)O	-124.5	-134.21	0.18	63.01288	7697-37-2*0	HNO3
Ethoxide	[CH3CH2O]-	-163.98	-178.92	0.46	45.061	16331-64-9*0	C2H5O-
Vinyl chloride	CH2CHCl	29.28	21.7	0.3	62.4979	75-01-4*0	C2H3Cl
Methylium	[CH3]+	1099.339	1095.396	0.05	15.03397	14531-53-4*0	CH3+
Iodide	I-	-187.995	-188.396	0.0021	126.905019	20461-54-5*0	I-
Cyanogen chloride	ClCN	134.98	135.67	0.46	61.4701	506-77-4*0	CClN
Methylperoxy	CH3OO	22.46	13.01	0.38	47.0333	2143-58-0*0	CH3O2
Isocyanic acid	HNCO	-115.97	-118.96	0.28	43.02478	75-13-8*0	CHNO
Difluorophosgene	CF2O	-603.34	-606.44	0.41	66.00691	353-50-4*0	CF2O
Vinylacetylene	CH2CHCCH	296.17	289.41	0.58	52.0746	689-97-4*0	C4H4
Hypofluorous acid	HOF	-84.39	-87.29	0.19	36.00574	14034-79-8*0	FHO
Dichloromethane	CH2Cl2	-86.52	-93.38	0.52	84.932	75-09-2*0	CH2Cl2
1,3-Butadiyne	HCCCCH	458.27	460.0	0.58	50.0587	460-12-8*0	C4H2
Chlorobenzene	C6H5Cl	67.15	52.2	0.61	112.5566	108-90-7*0	C6H5Cl
Ethynyl	CCH	563.88	567.99	0.14	25.0293	2122-48-7*0	C2H
Cyanogen bromide	BrCN	187.1	180.5	1.1	105.9214	506-68-3*0	CBrN
Iodomethane	CH3I	24.51	14.98	0.18	141.93899	74-88-4*0	CH3I
Oxygen atom anion	O-	105.868	108.097	0.0021	15.99995	14337-01-0*0	O-
n-Propyl	CH3CH2CH2	118.26	100.85	0.51	43.0877	2143-61-5*0	C3H7
iso-Propyl	CH3CHCH3	105.3	88.43	0.49	43.0877	2025-55-0*0	C3H7
Trihydrogen cation	[H3]+	1110.304	1106.696	0.013	3.02327	28132-48-1*0	H3+
Acetyl	CH3CO	-3.62	-10.28	0.32	43.0446	3170-69-2*0	C2H3O
Cyclopropene	CH2(CHCH)	292.27	283.54	0.47	40.0639	2781-85-3*0	C3H4
Cyclopentadiene	CH2(CHCHCHCH)	151.28	134.15	0.63	66.1011	542-92-7*0	C5H6
Tetrabromomethane	CBr4	133.5	103.8	1.3	331.6267	558-13-4*0	CBr4
Difluoromethane	CH2F2	-443.14	-450.76	0.33	52.02339	75-10-5*0	CH2F2
Ethynide	[CCH]-	277.43	280.84	0.18	25.0299	29075-95-4*0	C2H-
Oxygen difluoride	FOF	26.82	24.57	0.24	53.99621	7783-41-7*0	F2O
Hypochlorite	[ClO]-	-118.6	-118.33	0.13	51.45265	14380-61-1*0	ClO-
Nitrosyl hydride	HNO	109.94	106.97	0.11	31.01408	14332-28-6*0	HNO
2-Butyne	CH3CCCH3	159.43	146.47	0.49	54.0904	503-17-3*0	C4H6
Isocyanomethane	CH3NC	183.86	177.31	0.49	41.052	593-75-9*0	C2H3N
Cyclopropane	CH2(CH2CH2)	70.97	53.84	0.4	42.0797	75-19-4*0	C3H6
Butatriene	CH2CCCH2	328.21	321.96	0.65	52.0746	2873-50-9*0	C4H4
Methoxymethane	CH3OCH3	-166.52	-184.02	0.4	46.0684	115-10-6*0	C2H6O
Chloroform	CHCl3	-97.16	-102.07	0.5	119.3767	67-66-3*0	CHCl3
Fluoromethylidyne	CF	243.14	246.74	0.12	31.0091	3889-75-6*0	CF
Silanol	SiH3OH	-270.9	-282.6	1.3	48.11666	14475-38-8*0	H4OSi
Oxygen atom cation	O+	1560.786	1562.644	0.0021	15.99885	14581-93-2*0	O+
1,2-Propadiene-1,3-diylidene	CCC	814.65	823.61	0.54	36.0321	12075-35-3*0	C3
Cyanic fluoride	FCN	8.76	9.09	0.69	45.01584	1495-50-7*0	CFN
Formate	[HC(O)O]-	-463.23	-466.88	0.56	45.018	71-47-6*0	CHO2-
Dimethylamine	(CH3)2NH	4.08	-17.55	0.42	45.0837	124-40-3*0	C2H7N
Tetrafluoroethylene	CF2CF2	-670.99	-674.4	0.52	100.015	116-14-3*0	C2F4
Chlorotrifluoromethane	CF3Cl	-704.54	-709.65	0.57	104.4586	75-72-9*0	CClF3
Ethyl bromide	CH3CH2Br	-41.12	-63.06	0.25	108.9651	74-96-4*0	C2H5Br
Vinyl bromide	CH2CHBr	88.7	73.9	0.57	106.9492	593-60-2*0	C2H3Br
Methanimine	CH2NH	96.48	88.57	0.4	29.04126	2053-29-4*0	CH3N
Chlorine fluoride	ClF	-55.617	-55.712	0.053	54.4511	7790-89-8*0	ClF
Diazynium	[NNH]+	1042.43	1038.82	0.68	29.02087	12357-66-3*0	HN2+
Nitrite	[ONO]-	-182.62	-185.42	0.46	46.00609	14797-65-0*0	NO2-
Hydride	H-	143.264	145.228	0.0	1.008489	12184-88-2*0	H-
n-Butyl	CH3CH2CH2CH2	102.78	80.28	0.71	57.1143	2492-36-6*0	C4H9
Phosgene	CCl2O	-217.45	-219.14	0.27	98.9155	75-44-5*0	CCl2O
Vinyl fluoride	CH2CHF	-134.61	-142.42	0.45	46.0436	75-02-5*0	C2H3F
Phenylium	[C6H5]+	1148.55	1135.77	0.85	77.1034	17333-73-2*0	C6H5+
Fluorooxidanyl	FO	110.27	110.9	0.15	34.9978	12061-70-0*0	FO
Hypoiodous acid	HOI	-54.2	-58.9	3.1	143.91181	14332-21-9*0	HIO
Methanium	[CH5]+	921.96	911.71	0.44	17.04985	15135-49-6*0	CH5+
Oxirane	O(CH2CH2)	-40.07	-52.6	0.37	44.0526	75-21-8*0	C2H4O
Cyanooxidanyl	NCO	126.93	127.41	0.33	42.01684	22400-26-6*0	CNO
Methanetetraylbisamidogen	NCN	451.24	451.64	0.44	40.02418	2669-76-3*0	CN2
Fluoroethane	CH3CH2F	-257.27	-272.13	0.36	48.0595	353-36-6*0	C2H5F
Bromotrifluoromethane	CF3Br	-638.88	-651.0	0.44	148.9099	75-63-8*0	CBrF3
Phenide	[C6H5]-	244.43	231.01	0.38	77.1044	30922-78-2*0	C6H5-
Fluorobenzene	C6H5F	-99.08	-114.76	0.89	96.1023	462-06-6*0	C6H5F
Nitromethane	CH3N(O)O	-60.81	-74.71	0.46	61.0401	75-52-5*0	CH3NO2
Acrylonitrile	CH2CHCN	193.75	186.99	0.66	53.0627	107-13-1*0	C3H3N
1,2,3-Butatrien-1-yl	CH2CCCH	497.34	497.36	0.7	51.0666	22112-56-7*0	C4H3
2,4-Hexadiyne	CH3CCCCCH3	380.15	370.13	0.87	78.1118	2809-69-0*0	C6H6
Dioxygen cation	[O2]+	1164.585	1165.221	0.0092	31.99825	12185-07-8*0	O2+
Ethynylene	C2	820.33	828.8	0.26	24.0214	12070-15-4*0	C2
Ethanide	[CH3CH2]-	155.29	144.21	0.87	29.0616	25013-41-6*0	C2H5-
Vinylium	[CH2CH]+	1119.07	1115.63	0.55	27.0447	14604-48-9*0	C2H3+
Vinyl anion	[CH2CH]-	237.06	232.64	0.73	27.0458	25012-81-1*0	C2H3-
Aminomethyl	CH2NH2	159.27	149.42	0.37	30.0492	10507-29-6*0	CH4N
Cyanide	[CN]-	63.96	67.246	0.093	26.01799	57-12-5*0	CN-
Cyanomethyl	CH2CN	263.39	260.51	0.68	40.044	2932-82-3*0	C2H2N
Propadienylidene	CH2CC	554.37	555.52	0.4	38.048	60731-10-4*0	C3H2
Isobutene	CH2C(CH3)2	4.06	-17.01	0.39	56.1063	115-11-7*0	C4H8
Cyclopentane	CH2(CH2CH2CH2CH2)	-43.85	-76.42	0.42	70.1329	287-92-3*0	C5H10
Phenolate	[C6H5O]-	-146.59	-162.06	0.84	93.1038	3229-70-7*0	C6H5O-
Cyclopentadienyl	CH(CHCHCHCH)	274.64	261.53	0.92	65.0932	2143-53-5*0	C5H5
Carbamoyl	NH2CO	-7.78	-14.18	0.74	44.03272	2858-51-7*0	CH2NO
Tetrahedrane	CH(CH(CHCH))	547.7	539.3	1.2	52.0746	157-39-1*0	C4H4
Ethylamine	CH3CH2NH2	-28.26	-50.03	0.54	45.0837	75-04-7*0	C2H7N
Chlorine dioxide	OClO	101.42	98.95	0.29	67.4515	10049-04-4*0	ClO2
Bromooxidanyl	BrO	131.16	123.62	0.28	95.9034	15656-19-6*0	BrO
Hypobromite	[BrO]-	-96.13	-103.61	0.53	95.9039	14380-62-2*0	BrO-
Ammonium	[NH4]+	643.02	631.71	0.21	18.03795	14798-03-9*0	H4N+
Cyanogen	NCCN	308.17	310.12	0.41	52.0349	460-19-5*0	C2N2
1-Butene	CH2CHCH2CH3	21.04	0.09	0.36	56.1063	106-98-9*0	C4H8
n-Pentane	CH3CH2CH2CH2CH3	-114.37	-146.25	0.31	72.1488	109-66-0*0	C5H12
n-Hexane	CH3CH2CH2CH2CH2CH3	-130.02	-166.89	0.34	86.1754	110-54-3*0	C6H14
Trimethylamine	(CH3)3N	2.11	-26.74	0.76	59.1103	75-50-3*0	C3H9N
Trifluoromethylium	[CF3]+	409.53	406.32	0.46	69.00536	18851-76-8*0	CF3+
Azido radical	NNN	452.28	449.7	0.6	42.02022	12596-60-0*0	N3
Nitrous oxide	NNO	86.0	82.571	0.097	44.01288	10024-97-2*0	N2O
Hydroxyoxomethylium	[HOCO]+	600.66	597.57	0.44	45.0169	638-71-1*0	CHO2+
Hydrazoic acid	HNNN	297.93	291.63	0.49	43.02816	7782-79-8*0	HN3
Vinylidene	CCH2	411.19	412.1	0.3	26.0373	2143-69-3*0	C2H2
Acetylium	[CH3CO]+	666.59	659.31	0.44	43.0441	15762-07-9*0	C2H3O+
Hydroxymethylium	[CH2OH]+	717.68	709.74	0.18	31.03337	18682-95-6*0	CH3O+
Fluoroacetylene	HCCF	104.96	105.67	0.4	44.0277	2713-09-9*0	C2HF
1,2-Butadiene	CH3CHCCH2	175.91	162.41	0.46	54.0904	590-19-2*0	C4H6
Ketenyl	HCCO	177.06	178.16	0.55	41.0287	51095-15-9*0	C2HO
Formic acid	HC(O)OH	-371.09	-378.38	0.22	46.0254	64-18-6*0	CH2O2
Dioxidanide	[HO2]-	-88.87	-91.53	0.35	33.00729	14691-59-9*0	HO2-
Trichloromethyl	CCl3	72.01	71.54	0.84	118.3688	3170-80-7*0	CCl3
1,1-Dichloroethane	CH3CHCl2	-120.29	-133.07	0.44	98.9586	75-34-3*0	C2H4Cl2
Difluorodioxidane	FOOF	35.31	31.58	0.41	69.99561	7783-44-0*0	F2O2
Bromoform	CHBr3	75.7	49.6	1.3	252.7306	75-25-2*0	CHBr3
Bromobenzene	C6H5Br	126.7	104.6	1.3	157.0079	108-86-1*0	C6H5Br
Benzaldehyde	C6H5C(O)H	-19.28	-37.07	0.91	106.1219	100-52-7*0	C7H6O
Propionaldehyde	CH3CH2CHO	-171.36	-186.77	0.25	58.0791	123-38-6*0	C3H6O
Nitrosomethane	CH3NO	80.78	70.87	0.91	45.04066	865-40-7*0	CH3NO
Isocyanoacetylene	HCCNC	484.7	486.9	1.0	51.0468	66723-45-3*0	C3HN
Silanone	SiH2O	-93.6	-98.9	1.1	46.10078	22755-01-7*0	H2OSi
Silyloxy	SiH3O	8.5	0.5	1.5	47.10872	81429-20-1*0	H3OSi
Chlorous acid	HOClO	25.79	20.74	0.63	68.4594	13898-47-0*0	ClHO2
Iodooxidanyl	IO	126.99	125.06	0.82	142.90387	14696-98-1*0	IO
Carbon monoxide cation	[CO]+	1238.306	1241.585	0.026	28.00955	12144-04-6*0	CO+
Azanide	[NH2]-	114.82	111.94	0.29	16.02317	17655-31-1*0	H2N-
Hydrazine	NH2NH2	111.72	97.57	0.42	32.04524	302-01-2*0	H4N2
Aminooxy	NH2O	70.93	64.32	0.71	32.02202	13408-29-2*0	H2NO
Nitrate	[ON(O)O]-	-300.33	-306.88	0.6	62.00549	14797-55-8*0	NO3-
Fluorodioxidanyl	FOO	26.88	25.17	0.26	50.9972	15499-23-7*0	FO2
Cyanogen iodide	ICN	222.6	222.0	1.6	152.92191	506-78-5*0	CIN
Formyl anion	[HCO]-	11.6	11.98	0.44	29.01859	57340-31-5*0	CHO-
1-Methylethenyl	CH3CCH2	263.07	252.68	0.67	41.0718	15552-77-9*0	C3H5
1,2-Propadienyl anion	[CH2CCH]-	265.76	262.7	0.67	39.0565	64066-06-4*0	C3H3-
2-Propynylidyne	CCCH	718.01	722.36	0.8	37.04	53590-28-6*0	C3H
neo-Pentane	C(CH3)4	-134.52	-167.39	0.39	72.1488	463-82-1*0	C5H12
Hypofluorite	[FO]-	-108.84	-108.67	0.48	34.99835	12763-66-5*0	FO-
1-Propanol	CH3CH2CH2OH	-231.4	-255.24	0.25	60.095	71-23-8*0	C3H8O
Dibromomethane	CH2Br2	26.0	4.6	1.1	173.8346	74-95-3*0	CH2Br2
1,1-Difluoroethene	CH2CF2	-343.58	-350.64	0.77	64.0341	75-38-7*0	C2H2F2
Urea	NH2C(O)NH2	-218.22	-234.62	0.42	60.05534	57-13-6*0	CH4N2O
Oxomethaniminium	[NH2CO]+	695.3	688.74	0.9	44.03217	59348-22-0*0	CH2NO+
Acetamide	CH3C(O)NH2	-219.62	-237.13	0.57	59.0672	60-35-5*0	C2H5NO
Cyclobutadiene	CH(CHCHCH)	436.5	428.05	0.79	52.0746	1120-53-2*0	C4H4
1,3-Hexadiyne	HCCCCCH2CH3	405.04	393.34	0.98	78.1118	4447-21-6*0	C6H6
Iodine monochloride	ICl	19.024	17.391	0.013	162.35717	7790-99-0*0	ClI
Iodotrifluoromethane	CF3I	-583.45	-589.33	0.49	195.91038	2314-97-8*0	CF3I
Trinitrogen cation	[NNN]+	1519.44	1516.81	0.89	42.01967	12185-03-4*0	N3+
Oxonitrate anion	[NO]-	88.11	88.14	0.25	30.00669	14967-78-3*0	NO-
Nitrosyl ion	[NO]+	984.499	984.494	0.066	30.00559	14452-93-8*0	NO+
Nitrogen sesquioxide	ONN(O)O	90.75	86.18	0.15	76.01168	10544-73-7*0	N2O3
Methylene anion	[CH2]-	328.17	328.6	0.18	14.02713	50928-07-9*0	CH2-
Methylidyne anion	[CH]-	475.74	479.07	0.22	13.01919	28604-54-8*0	CH-
Hydrogen isocyanide	HNC	192.05	192.43	0.33	27.02538	6914-07-4*0	CHN
Isoprene	CH2C(CH3)CHCH2	96.12	75.6	0.67	68.117	78-79-5*0	C5H8
Chlorine trifluoride	FCl(F)F	-158.6	-162.7	1.2	92.44791	7790-91-2*0	ClF3
Chloronium	[HClH]+	881.3	878.2	1.1	37.46803	36658-55-6*0	ClH2+
1,1,1-Trichloroethane	CH3CCl3	-134.33	-144.9	0.48	133.4033	71-55-6*0	C2H3Cl3
Tetrachloroethene	CCl2CCl2	-22.3	-23.2	1.1	165.8322	127-18-4*0	C2Cl4
Chlorodifluoromethane	CHClF2	-476.01	-482.21	0.98	86.4681	75-45-6*0	CHClF2
Fluoroformyl	FCO	-176.61	-176.03	0.37	47.0085	1871-24-5*0	CFO
2-Bromoethanol	BrCH2CH2OH	-196.15	-220.21	0.53	124.9645	540-51-2*0	C2H5BrO
Carbon suboxide	OCCCO	-94.9	-92.8	1.2	68.0309	504-64-3*0	C3O2
Benzyl	C6H5CH2	230.05	211.24	0.56	91.1305	2154-56-5*0	C7H7
Phenoxy	C6H5O	70.87	55.58	0.84	93.1033	2122-46-5*0	C6H5O
1-Cyanovinyl	CH2CCN	419.0	418.9	1.1	52.0547	15091-87-9*0	C3H2N
3-Methylenecyclopropene	CH2C(CHCH)	395.82	387.88	0.85	52.0746	4095-06-1*0	C4H4
Phenylperoxy	C6H5OO	153.1	136.1	1.4	109.1027	91422-02-5*0	C6H5O2
Trimethylsilane	SiH(CH3)3	-124.6	-150.7	1.6	74.197	993-07-7*0	C3H10Si
Bromonium	[HBrH]+	925.3	914.6	1.5	81.9193	36658-54-5*0	BrH2+
Methanide	[CH3]-	141.1	137.66	0.24	15.03507	15194-58-8*0	CH3-
Methyliumyl	[CH2]+	1393.19	1394.05	0.11	14.02603	15091-72-2*0	CH2+
Aminomethylium	[CH2NH2]+	763.98	752.01	0.64	30.04865	488821-23-4*0	CH4N+
Isocyanomethanide	[CH2NC]-	254.04	251.0	0.96	40.0446	81704-80-5*0	C2H2N-
1-Butyne	CH3CH2CCH	180.26	166.68	0.67	54.0904	107-00-6*0	C4H6
iso-Pentane	CH3CH2CH(CH3)2	-119.12	-153.17	0.43	72.1488	78-78-4*0	C5H12
Cyclohexane	CH2(CH2CH2CH2CH2CH2)	-83.37	-122.94	0.3	84.1595	110-82-7*0	C6H12
Protonated oxirane	[(CH2CH2)OH]+	725.57	709.4	0.62	45.06	*38607-31-7*0	C2H5O+
Methoxyethane	CH3CH2OCH3	-194.43	-217.32	0.58	60.095	540-67-0*0	C3H8O
Cyanic acid	HOCN	-12.34	-15.06	0.43	43.02478	420-05-3*0	CHNO
Fulminic acid	HCNO	170.7	169.25	0.44	43.02478	51060-05-0*0	CHNO
Isofulminic acid	HONC	235.22	233.52	0.43	43.02478	506-85-4*0	CHNO
Nitrosomethylidyne	CNO	389.3	390.7	1.1	42.01684	82267-15-0*0	CNO
Acetic acid	CH3C(O)OH	-418.61	-432.74	0.38	60.052	64-19-7*0	C2H4O2
Acetyl chloride	CH3C(O)Cl	-232.58	-241.57	0.33	78.4973	75-36-5*0	C2H3ClO
1,1-Dichloroethene	CH2CCl2	8.94	2.95	0.49	96.9427	75-35-4*0	C2H2Cl2
Dichlorodifluoromethane	CF2Cl2	-489.47	-493.65	0.67	120.9129	75-71-8*0	CCl2F2
Fluorodichloromethane	CHFCl2	-278.14	-283.59	0.91	102.9224	75-43-4*0	CHCl2F
Formyl fluoride	CHFO	-378.63	-382.22	0.31	48.01644	1493-02-3*0	CHFO
Silyl	SiH3	204.6	199.2	1.1	31.10932	13765-44-1*0	H3Si
Hydroxysilyl	SiH2OH	-104.2	-112.1	1.6	47.10872	113648-09-2*0	H3OSi
Trimethylsilanol	(CH3)3SiOH	-464.5	-490.8	1.9	90.1964	1066-40-6*0	C3H10OSi
2-Propanamine	CH3CH(CH3)NH2	-56.78	-83.57	0.53	59.1103	75-31-0*0	C3H9N
Hypoiodite	[IO]-	-102.46	-104.27	0.88	142.90442	15065-65-3*0	IO-
Dinitrogen cation	[N2]+	1503.311	1503.312	0.0	28.01293	13966-04-6*0	N2+
Carbon dioxide cation	[CO2]+	936.091	936.926	0.017	44.00895	12181-61-2*0	CO2+
Hydrazino	NH2NH	234.77	224.25	0.69	31.0373	13598-46-4*0	H3N2
Methylamidogen	CH3NH	187.58	176.93	0.46	30.0492	15622-51-2*0	CH4N
Methyleneamidogen	CH2N	242.0	238.35	0.58	28.03332	15845-29-1*0	CH2N
Hydrogen isocyanide cation	[HNC]+	1351.51	1351.47	0.84	27.02483	74158-11-5*0	CHN+
Chloroacetylene	HCCCl	228.13	228.99	0.7	60.482	593-63-5*0	C2HCl
Dichloride	[Cl2]-	-229.8	-228.7	1.4	70.9059	12595-89-0*0	Cl2-
iso-Propylium	[CH3CHCH3]+	822.88	805.8	0.24	43.0871	19252-53-0*0	C3H7+
Chlorine atom cation	Cl+	1370.806	1372.602	0.0011	35.45215	24203-47-2*0	Cl+
n-Propylide	[CH3CH2CH2]-	122.9	105.3	1.2	43.0882	59513-13-2*0	C3H7-
t-Butyl	(CH3)3C	75.08	49.78	0.77	57.1143	1605-73-8*0	C4H9
Cyclobutane	CH2(CH2CH2CH2)	52.35	27.81	0.39	56.1063	287-23-0*0	C4H8
Cyclobutene	CH2(CH2CHCH)	177.65	160.6	0.71	54.0904	822-35-5*0	C4H6
2-Butynyl	CH3CCCH2	318.07	310.7	0.79	53.0825	82252-88-8*0	C4H5
Chloro hypochlorite	ClOCl	79.78	77.97	0.36	86.9048	7791-21-1*0	Cl2O
(Methylamino)methyl	CH3NHCH2	167.93	151.48	0.95	44.0758	31277-24-4*0	C2H6N
Dimethylamidogen	(CH3)2N	173.9	156.6	1.5	44.0758	15337-44-7*0	C2H6N
Cyanoamidogen	HNCN	322.94	320.45	0.84	41.03212	12347-01-2*0	CHN2
Bromotrichloromethane	CCl3Br	-32.75	-41.89	0.59	198.2728	75-62-7*0	CBrCl3
Chloromethylidyne	CCl	430.43	434.18	0.67	47.4634	3889-76-7*0	CCl
Chlorine pentafluoride	FCl(F)(F)(F)F	-226.1	-234.2	1.7	130.44472	13637-63-3*0	ClF5
Chloromethanol	CH2(Cl)OH	-232.2	-242.5	1.2	66.4866	15454-33-8*0	CH3ClO
Chloromethoxy	CH2(Cl)O	-11.9	-18.7	1.1	65.4787	114282-89-2*0	CH2ClO
Tetraiodomethane	CI4	332.2	327.1	4.1	519.62858	507-25-5*0	CI4
Fluorotrichloromethane	CCl3F	-285.28	-288.43	0.78	137.3672	75-69-4*0	CCl3F
Chlorooxy hypochlorite	ClOOCl	134.56	131.33	0.56	102.9042	12292-23-8*0	Cl2O2
2-Chloroethanol	ClCH2CH2OH	-249.8	-266.52	0.59	80.5132	107-07-3*0	C2H5ClO
Tropyl	CH(CHCHCHCHCHCH)	295.8	278.4	1.1	91.1305	3551-27-7*0	C7H7
Iodobenzene	C6H5I	177.82	161.83	0.99	204.0084	591-50-4*0	C6H5I
Acetonyl	CH3C(O)CH2	-19.01	-31.72	0.98	57.0712	3122-07-4*0	C3H5O
Trifluoroethene	CF2CHF	-493.1	-498.1	1.6	82.0245	359-11-5*0	C2HF3
Isocyanoethene	CH2CHNC	285.14	278.64	0.94	53.0627	14668-82-7*0	C3H3N
3-Methylene-1-cyclopropen-1-yl	CH2C(CHC)	628.1	625.5	1.1	51.0666	127611-24-9*0	C4H3
Peroxyhypochlorous acid	HOOCl	3.95	-1.32	0.95	68.4594	67952-07-2*0	ClHO2
Fulvene	CH2C(CHCHCHCH)	231.9	215.8	1.1	78.1118	497-20-1*0	C6H6
Oxosilylene	SiO	-98.11	-96.95	0.65	44.0849	10097-28-6*0	OSi
Silyloxy anion	[SiH3O]-	-311.7	-321.1	1.6	47.10927	43336-62-5*0	H3OSi-
1-Propanamine	CH3CH2CH2NH2	-42.36	-70.1	0.42	59.1103	107-10-8*0	C3H9N
Perchloryl	OCl(O)O	191.82	186.15	0.62	83.4509	13932-10-0*0	ClO3
Isodiazene	NNH2	307.54	300.46	0.63	30.02936	28647-38-3*0	H2N2
Oxoammoniumyl	[HNO]+	1092.47	1089.54	0.67	31.01353	63559-87-5*0	HNO+
Nitryl hydride	HN(O)O	-36.6	-43.6	1.1	47.01348	90266-90-3*0	HNO2
Carbon anion	C-	589.621	594.768	0.046	12.01125	14337-00-9*0	C-
Chlorate	[OCl(O)O]-	-207.2	-212.7	1.6	83.4514	14866-68-3*0	ClO3-
Ethylidyne	CH3C	508.53	504.83	0.8	27.0452	67624-57-1*0	C2H3
Ethynylium	[CCH]+	1687.59	1690.93	0.16	25.0288	16456-59-0*0	C2H+
Methylamidogen anion	[CH3NH]-	145.35	134.52	0.65	30.04975	54448-39-4*0	CH4N-
Iminomethylium	[HCNH]+	953.3	949.3	1.4	28.03277	196216-36-1*0	CH2N+
Methylperoxy anion	[CH3OO]-	-89.81	-99.96	0.58	47.0339	35683-44-4*0	CH3O2-
Propargylium	[CH2CCH]+	1193.42	1190.6	0.33	39.0554	21540-27-2*0	C3H3+
Cycloprop-1-enyl	CH2(CHC)	527.35	522.96	0.59	39.0559	19528-44-0*0	C3H3
2-Propyn-1-ylium-1-ylidene	[CCCH]+	1598.1	1602.5	1.3	37.0395	75104-46-0*0	C3H+
Chloric acid	HOCl(O)O	2.2	-4.9	1.6	84.4588	7790-93-4*0	ClHO3
Cyclopentene	CH2(CH2CHCHCH2)	59.43	35.17	0.47	68.117	142-29-0*0	C5H8
n-Heptane	CH3(CH2)5CH3	-145.58	-187.46	0.46	100.2019	142-82-5*0	C7H16
n-Octane	CH3(CH2)6CH3	-161.25	-208.08	0.54	114.2285	111-65-9*0	C8H18
Difluoride	[F2]-	-291.0	-290.2	1.5	37.997355	12184-85-9*0	F2-
2-Hydrotrioxy	OO(H)O	299.6	293.9	1.2	49.00614	*12500-78-6*0	HO3
Vinoxy	CH2CHO	22.97	16.13	0.68	43.0446	6912-06-7*0	C2H3O
Oxoethanide	[CH3CO]-	-44.0	-49.5	1.3	43.0452	78944-68-0*0	C2H3O-
Ethoxyethane	CH3CH2OCH2CH3	-222.99	-250.41	0.82	74.1216	60-29-7*0	C4H10O
Acetate	[CH3C(O)O]-	-496.4	-505.5	1.2	59.0446	71-50-1*0	C2H3O2-
(Dimethylamino)methyl	(CH3)2NCH2	165.8	142.8	1.3	58.1024	30208-47-0*0	C3H8N
Chloromethide	[CH2Cl]-	56.4	53.2	2.0	49.4798	60291-29-4*0	CH2Cl-
Hexachloroethane	CCl3CCl3	-147.0	-149.4	1.3	236.7376	67-72-1*0	C2Cl6
Bromanylium	Br+	1257.778	1251.715	0.057	79.90345	22541-56-6*0	Br+
Dichloroacetylene	ClCCCl	230.13	233.44	0.94	94.9268	7572-29-4*0	C2Cl2
Difluoromethylene	CF2	-193.89	-193.42	0.36	50.00751	2154-59-8*0	CF2
Hexafluoroethane	CF3CF3	-1334.14	-1342.44	0.97	138.0118	76-16-4*0	C2F6
1,1-Difluoroethane	CH3CHF2	-489.02	-502.74	0.55	66.05	75-37-6*0	C2H4F2
2-Fluoroethanol	FCH2CH2OH	-405.86	-423.1	0.99	64.0589	371-62-0*0	C2H5FO
Benzylide	[C6H5CH2]-	141.92	123.01	0.42	91.131	18860-15-6*0	C7H7-
Ethylbenzene	C6H5CH2CH3	58.2	29.73	0.55	106.165	100-41-4*0	C8H10
Phenylethene	C6H5CHCH2	169.68	148.34	0.55	104.1491	100-42-5*0	C8H8
Phenylacetylene	C6H5CCH	332.4	317.2	1.1	102.1332	536-74-3*0	C8H6
Nitrogen atom cation	N+	1872.907	1875.689	0.024	14.006191	14158-23-7*0	N+
Acetonate	[CH3C(O)CH2]-	-187.81	-201.36	0.98	57.0717	24262-31-5*0	C3H5O-
Methyl nitrite	CH3ONO	-55.52	-66.19	0.45	61.0401	624-91-9*0	CH3NO2
Propadienone	CH2CCO	131.92	130.29	0.79	54.0474	61244-93-7*0	C3H2O
1-Cyanovinyl anion	[CH2CCN]-	224.3	221.5	1.3	52.0553	36259-97-9*0	C3H2N-
3-Buten-1-ynyl	CH2CHCC	628.4	626.2	1.1	51.0666	108179-98-2*0	C4H3
Water dimer	(H2O)2	-491.077	-499.117	0.051	36.03056	25655-83-8*0	H4O2
Methylsilane	CH3SiH3	-9.46	-25.63	0.96	46.14384	992-94-9*0	CH6Si
Trimethylsiloxy	(CH3)3SiO	-187.4	-210.4	2.0	89.1885	54572-10-0*0	C3H9OSi
1,5-Hexadiyne	HCCCH2CH2CCH	431.5	421.0	1.2	78.1118	628-16-0*0	C6H6
N-Methylethanamine	CH3CH2NHCH3	-17.8	-45.9	1.1	59.1103	624-78-2*0	C3H9N
Naphthalene	C6H4(C4H4)	170.97	147.49	0.59	128.1705	91-20-3*0	C10H8
Carbon cation	C+	1797.851	1803.449	0.045	12.01015	14067-05-1*0	C+
Methyliumylidene	[CH]+	1619.755	1623.099	0.052	13.01809	24361-82-8*0	CH+
Vinylidene anion	[CCH2]-	363.99	363.8	0.5	26.0378	66295-36-1*0	C2H2-
Ozonide	[OOO]-	-58.48	-60.84	0.21	47.99875	12596-80-4*0	O3-
Bromochlorane	BrCl	21.882	14.439	0.06	115.3567	13863-41-7*0	BrCl
Oxidanylium	[OH]+	1293.192	1293.221	0.035	17.00679	12259-29-9*0	HO+
Cyanomethanide	[CH2CN]-	114.24	111.41	0.68	40.0446	21438-99-3*0	C2H2N-
Dioxaziridinyl	N(OO)	355.1	352.6	1.4	46.00554	66252-29-7*0	NO2
Methanol cation	[CH3OH]+	856.82	846.5	0.32	32.04131	12538-91-9*0	CH4O+
Methyloxonium	[CH3OH2]+	588.5	574.3	1.2	33.04925	17836-08-7*0	CH5O+
Hydrogen carbonate	[HOC(O)O]-	-720.5	-726.9	1.4	61.0174	71-52-3*0	CHO3-
n-Propylium	[CH3CH2CH2]+	856.96	838.68	0.85	43.0871	19252-52-9*0	C3H7+
Allyl anion	[CH2CHCH2]-	134.08	123.07	0.23	41.0723	1724-46-5*0	C3H5-
Cyclopropyl	CH(CH2CH2)	303.4	290.8	1.3	41.0718	2417-82-5*0	C3H5
Cycloprop-2-enylium	[CH(CHCH)]+	1080.3	1075.2	1.0	39.0554	26810-74-2*0	C3H3+
1-Propynylide	[CH3CC]-	264.35	260.77	0.7	39.0565	36147-87-2*0	C3H3-
sec-Butyl	CH3CH2CHCH3	90.99	66.22	0.87	57.1143	2348-55-2*0	C4H9
t-Butyl anion	[(CH3)3C]-	76.7	51.9	1.3	57.1148	65114-21-8*0	C4H9-
Dioxirane	CH2(OO)	9.43	1.76	0.55	46.0254	157-26-6*0	CH2O2
Ethylene glycol	(CH2OH)2	-369.74	-389.37	0.4	62.0678	107-21-1*0	C2H6O2
Dioxoethyl	OCHCO	-63.6	-65.0	1.3	57.0281	702699-38-5*0	C2HO2
Oxalic acid	(C(O)OH)2	-721.0	-731.6	1.2	90.0349	144-62-7*0	C2H2O4
(Methylamino)methyl cation	[CH3NHCH2]+	729.27	710.65	0.97	44.0752	*31277-24-4*0	C2H6N+
Diazomethyl	HCNN	468.17	465.62	0.98	41.03212	20813-32-5*0	CHN2
Isocyanoamidogen	HNNC	490.3	488.3	1.5	41.03212	947408-73-3*0	CHN2
Iodine monobromide	IBr	49.719	40.772	0.067	206.8085	7789-33-5*0	BrI
Dichloromethyl	CHCl2	92.2	90.28	0.88	83.924	3474-12-2*0	CHCl2
Chloromethyl	CH2Cl	118.46	115.39	0.87	49.4793	6806-86-6*0	CH2Cl
Methyl hypochlorite	CH3OCl	-53.0	-63.0	1.4	66.4866	593-78-2*0	CH3ClO
1,2-Dichloroethane	CH2ClCH2Cl	-118.59	-130.54	0.54	98.9586	107-06-2*0	C2H4Cl2
Chlorofluoromethane	CH2FCl	-256.1	-263.3	1.1	68.4777	593-70-4*0	CH2ClF
Difluoromethyliumyl	[CF2]+	908.2	908.63	0.77	50.00696	54250-40-7*0	CF2+
Fluoromethyliumylidene	[CF]+	1122.93	1126.15	0.45	31.00855	33412-11-2*0	CF+
Difluoroacetylene	FCCF	2.86	5.69	0.64	62.0182	689-99-6*0	C2F2
Formyl chloride	CHClO	-179.99	-183.2	0.77	64.4707	2565-30-2*0	CHClO
Chloroformyl	ClCO	-21.92	-20.53	0.49	63.4628	2602-42-8*0	CClO
o-Benzyne anion	[C6H4]-	413.73	404.62	0.96	76.0965	100569-88-8*0	C6H4-
Cycloheptene	CH2(CHCHCH2CH2CH2CH2	28.21	-9.02	0.75	96.1702	628-92-2*0	C7H12
Cycloheptatriene	CH2(CHCHCHCHCHCH)	207.19	183.77	0.95	92.1384	544-25-2*0	C7H8
Fluorobenzene cation	[C6H5F]+	788.89	773.87	0.89	96.1018	34468-25-2*0	C6H5F+
Nitrosobenzene	C6H5NO	215.9	199.0	1.2	107.11	586-96-9*0	C6H5NO
Nitromethyl	CH2N(O)O	139.0	129.5	1.2	60.0321	16787-85-2*0	CH2NO2
Nitroxyl	ON(O)O	79.41	74.15	0.19	62.00494	12033-49-7*0	NO3
2-Butanone	CH3CH2C(O)CH3	-217.0	-238.46	0.79	72.1057	78-93-3*0	C4H8O
Methylketene	CH3CHCO	-54.7	-64.2	1.1	56.0633	6004-44-0*0	C3H4O
Dioxygen anion	[O2]-	-43.36	-42.72	0.17	31.99935	11062-77-4*0	O2-
1,3-Cyclobutadien-1-yl	C(CHCHCH)	653.7	649.2	1.1	51.0666	127611-22-7*0	C4H3
Azanylium	[NH3]+	944.272	937.317	0.029	17.03001	19496-55-0*0	H3N+
Trimethylsiloxide	[(CH3)3SiO]-	-485.9	-509.8	2.1	89.189	41866-81-3*0	C3H9OSi-
1,3-Pentadiyne	HCCCCCH3	417.96	413.74	0.84	64.0853	4911-55-1*0	C5H4
1,4-Hexadiyne	HCCCH2CCCH3	424.6	414.6	1.3	78.1118	10420-91-4*0	C6H6
1,2,3,4-Hexatetraene	CH2CCCCHCH3	429.7	420.0	1.6	78.1118	177856-38-1*0	C6H6
Nitrosamine	NH2NO	85.0	76.12	0.96	46.02876	35576-91-1*0	H2N2O
Butadiynyl	CCCCH	801.8	808.4	1.0	49.0507	53561-65-2*0	C4H
Peroxynitric acid	HOON(O)O	-42.6	-52.9	1.3	79.0123	26404-66-0*0	HNO4
Nitrosyl chloride	ClNO	54.466	52.564	0.068	65.45884	2696-92-6*0	ClNO
Bicyclo[1.1.0]buta-1,3-diene-2,4-diyl	C(CC)C	1047.19	1054.78	0.69	48.0428	12184-80-4*0	C4
Methane cation	[CH4]+	1150.673	1144.29	0.062	16.04191	20741-88-2*0	CH4+
Oxoniumyl ion	[H2O]+	978.47	975.567	0.028	18.01473	56583-62-1*0	H2O+
Ethanium	[C2H7]+	874.32	858.08	0.62	31.0764	24669-33-8*0	C2H7+
Acetylene cation	[HCCH]+	1328.85	1328.18	0.13	26.0367	25641-79-6*0	C2H2+
1-Ethylium-1-ylidene	[CH3C]+	1329.6	1328.2	1.2	27.0447	78949-84-5*0	C2H3+
Ethylidyne anion	[CH3C]-	457.0	452.9	1.2	27.0458	117768-70-4*0	C2H3-
Chloryl hydride	HCl(O)O	197.7	191.2	1.6	68.4594	174365-32-3*0	ClHO2
Isocyanomethyl	CH2NC	363.8	361.3	1.2	40.044	70971-59-4*0	C2H2N
Methyloxoniumylidene	[CH3O]+	1062.71	1054.89	0.75	31.03337	58157-09-8*0	CH3O+
1H-Triazirin-1-yl	N(NN)	585.9	584.2	2.0	42.02022	912535-95-6*0	N3
Chlorine difluoride	FClF	-47.0	-48.2	1.4	73.44951	24801-48-7*0	ClF2
Isoformyl	COH	217.26	217.64	0.69	29.01804	71080-92-7*0	CHO
Allylium	[CH2CHCH2]+	964.58	953.02	0.42	41.0713	1724-44-3*0	C3H5+
Cyclopropynyl	CH(CC)	710.97	715.09	0.85	37.04	119178-99-3*0	C3H
n-Butyl anion	[CH3CH2CH2CH2]-	105.9	81.0	1.3	57.1148	79431-01-9*0	C4H9-
sec-Butyl anion	[CH3CH2CHCH3]-	103.1	78.6	1.3	57.1148	79431-00-8*0	C4H9-
Iodine cation	I+	1115.549	1115.149	0.0062	126.903921	22541-93-1*0	I+
Methoxymethyl	CH3OCH2	12.7	0.2	1.4	45.0605	16520-04-0*0	C2H5O
Oxiranyl	CH2(CHO)	172.5	164.2	1.3	43.0446	31586-84-2*0	C2H3O
Ethyl hydroperoxide	CH3CH2OOH	-143.0	-161.4	1.2	62.0678	3031-74-1*0	C2H6O2
Dioxidenium	[HO2]+	1110.87	1107.98	0.11	33.00619	12207-52-2*0	HO2+
Diazenyl	NNH	252.14	249.22	0.45	29.02142	36882-13-0*0	HN2
Dimethylamide	[(CH3)2N]-	122.4	104.0	1.7	44.0763	34285-60-4*0	C2H6N-
1,1,2-Trichloroethane	CH2ClCHCl2	-136.6	-148.3	1.4	133.4033	79-00-5*0	C2H3Cl3
1,1,1,2-Tetrachloroethane	CH2ClCCl3	-144.5	-153.1	1.3	167.8481	630-20-6*0	C2H2Cl4
Pentachloroethyl	CCl3CCl2	27.0	25.1	1.3	201.2849	7094-17-9*0	C2Cl5
Fluoroethynyl	CCF	445.3	449.8	1.6	43.0198	22533-50-2*0	C2F
Dibromophosgene	CBr2O	-97.95	-113.89	0.37	187.8181	593-95-3*0	CBr2O
o-Benzyne	C6H4	468.12	459.2	0.87	76.096	462-80-6*0	C6H4
Cycloheptane	CH2(CH2CH2CH2CH2CH2C	-72.73	-118.22	0.53	98.1861	291-64-5*0	C7H12
Benzoyl fluoride	C6H5C(O)F	-288.0	-304.4	1.5	124.1124	455-32-3*0	C7H5FO
Hydroxyimidogen	NOH	217.85	214.97	0.77	31.01408	35337-59-8*0	HNO
Dinitrogen pentoxide	O2NONO2	24.45	14.88	0.35	108.0105	10102-03-1*0	N2O5
2-Cyclopropen-1-one	OC(CHCH)	163.7	159.8	1.2	54.0474	2961-80-0*0	C3H2O
Cyanovinylidene	CCHCN	581.7	584.2	1.2	51.0468	70277-81-5*0	C3HN
Isocyanovinylidene	CCHNC	697.0	700.3	1.4	51.0468	737788-76-0*0	C3HN
Cyanoacetylide	[CCCN]-	300.3	305.6	1.2	50.0394	12373-53-4*0	C3N-
1,2,3-Butatrien-1-yl anion	[CH2CCCH]-	388.5	386.6	1.3	51.0672	102275-54-7*0	C4H3-
Azide	[NNN]-	193.56	190.05	0.91	42.02077	14343-69-2*0	N3-
Propargyl chloride	HCCCH2Cl	186.5	180.6	1.3	74.5086	624-65-7*0	C3H3Cl
Dioxosilane	SiO2	-277.8	-279.1	2.0	60.0843	7631-86-9*0	O2Si
Benzvalene	((CHCH)(CH(CHCH)CH))	404.3	386.5	1.2	78.1118	659-85-8*0	C6H6
Hydrogen difluoride cation	[FFH]+	1174.3	1171.3	1.5	39.004198	*126950-54-7*0	F2H+
Methylammonium	[CH3NH3]+	628.5	609.6	1.4	32.06453	17000-00-9*0	CH6N+
Aminomethylene	CHNH2	245.9	238.2	1.5	29.04126	35430-17-2*0	CH3N
Methylimidogen	CH3N	323.1	315.3	1.1	29.04126	27770-42-9*0	CH3N
Methyleneamidogen anion	[CH2N]-	192.77	189.01	0.91	28.03387	28892-56-0*0	CH2N-
Aminomethylidyne	CNH2	371.9	368.4	1.1	28.03332	84654-89-7*0	CH2N
Methyleneoxonium	CH2OH2	152.46	144.14	0.49	32.04186	177788-17-9*0	CH4O
Hydroxymethyliumylidene	[COH]+	986.02	987.66	0.83	29.01749	60528-75-8*0	CHO+
Hydroxyoxomethoxy	HOC(O)O	-358.8	-364.9	1.5	61.0168	38330-85-7*0	CHO3
Hydroperoxycarbonyl	HOOCO	-72.9	-76.7	1.7	61.0168	153751-35-0*0	CHO3
Chlorine difluoride cation	[FClF]+	998.9	996.7	1.7	73.44896	32629-46-2*0	ClF2+
Oxofluoronium	[FO]+	1342.65	1342.6	0.81	34.99725	12763-67-6*0	FO+
1-Propynyl	CH3CC	528.3	526.12	0.7	39.0559	89342-91-6*0	C3H3
Cycloprop-2-enyl	CH(CHCH)	490.19	485.64	0.58	39.0559	28933-84-8*0	C3H3
2-Propen-1-yl-3-ylidene	CH2CHC	556.55	554.28	0.89	39.0559	202744-74-9*0	C3H3
Cyclopropenylidene	C(CHCH)	497.03	496.06	0.46	38.048	16165-40-5*0	C3H2
2-Propynylidyne anion	[CCCH]-	540.03	544.8	0.83	37.0406	82893-67-2*0	C3H-
t-Butylium	[(CH3)3C]+	733.82	710.54	0.98	57.1137	14804-25-2*0	C4H9+
iso-Butyl	(CH3)2CHCH2	96.97	72.98	0.92	57.1143	4630-45-9*0	C4H9
Deuterium atom	D	219.804	221.717	0.0	2.014101778	16873-17-9*0	D
Methylcyclopropane	CH3CH(CH2CH2)	47.8	24.5	1.3	56.1063	594-11-6*0	C4H8
n-Nonane	CH3(CH2)7CH3	-176.46	-228.25	0.51	128.2551	111-84-2*0	C9H20
Ethoxy	CH3CH2O	1.15	-12.28	0.45	45.0605	2154-50-9*0	C2H5O
Oxygen cation monohydrate	[(HOH)O]+	1153.3	1147.8	3.3	34.01413	*31748-17-1*0	H2O2+
Vinoxide	[CH2CHO]-	-153.03	-160.09	0.68	43.0452	35731-40-9*0	C2H3O-
Dioxiranylidene	C(OO)	190.3	191.1	1.4	44.0095	138832-57-2*0	CO2
Xenon cation	Xe+	1170.354	1170.354	0.0062	131.2895	24203-25-6*0	Xe+
Formyloxoniumylidene	[HC(O)O]+	1017.3	1013.9	1.4	45.0169	54375-27-8*0	CHO2+
2-Propanol	CH3CH(OH)CH3	-249.37	-273.46	0.36	60.095	67-63-0*0	C3H8O
Perchloric acid	HOCl(O)(O)O	13.2	1.8	1.8	100.4582	7601-90-3*0	ClHO4
Cyanate	[NCO]-	-221.19	-221.41	0.53	42.01739	661-20-1*0	CNO-
Oxazirinyl	C(NO)	450.1	450.9	1.5	42.01684	228850-18-8*0	CNO
Chlorine fluoride cation	[ClF]+	1165.52	1165.71	0.49	54.45055	12432-44-9*0	ClF+
Dimethylmethyleneammonium	[(CH3)2NCH2]+	696.8	671.7	1.3	58.1018	28149-27-1*0	C3H8N+
Trichloromethide	[CCl3]-	-124.8	-124.3	2.0	118.3693	14478-07-0*0	CCl3-
2-Hydrotrioxy cation	[OO(H)O]+	1298.2	1291.5	1.5	49.00559	*74241-49-9*0	HO3+
Hydroxyaminiumyl	[NOH]+	1161.1	1158.2	1.4	31.01353	63559-88-6*0	HNO+
1,1,2,2-Tetrachloroethane	CHCl2CHCl2	-146.8	-156.2	1.5	167.8481	79-34-5*0	C2H2Cl4
Oxygen anion monohydrate	[(HOH)O]-	-239.0	-244.3	3.0	34.01523	31748-17-1*0	H2O2-
Trichloroethene	CHClCCl2	-11.3	-14.6	1.5	131.3874	79-01-6*0	C2HCl3
Bromodichloromethane	CHCl2Br	-37.4	-49.1	1.2	163.828	75-27-4*0	CHBrCl2
Difluorodibromomethane	CF2Br2	-364.0	-382.0	1.3	209.8155	75-61-6*0	CBr2F2
Dichlorodibromomethane	CCl2Br2	21.0	5.1	1.3	242.7241	594-18-3*0	CBr2Cl2
Difluorobromomethane	CHF2Br	-411.15	-424.34	0.46	130.9194	1511-62-2*0	CHBrF2
2-Hydrotrioxy anion	[OO(H)O]-	27.5	21.8	1.4	49.00669	*89965-38-8*0	HO3-
1,2-Difluoroethane	CH2FCH2F	-434.42	-447.84	0.81	66.05	624-72-6*0	C2H4F2
Dinitrogen tetraoxide	O2NNO2	20.18	10.89	0.14	92.0111	10544-72-6*0	N2O4
Chlorobenzene cation	[C6H5Cl]+	942.48	928.56	0.61	112.5561	55450-32-3*0	C6H5Cl+
m-Chlorophenyl	C6H4Cl	320.1	309.4	1.6	111.5487	3474-40-6*0	C6H4Cl
p-Chlorophenyl	C6H4Cl	323.0	312.2	1.6	111.5487	2396-00-1*0	C6H4Cl
o-Chlorophenyl	C6H4Cl	327.4	316.6	1.6	111.5487	3474-42-8*0	C6H4Cl
Bromobenzene cation	[C6H5Br]+	994.8	973.3	1.3	157.0074	55450-33-4*0	C6H5Br+
Nitrobenzene	C6H5N(O)O	81.6	61.6	1.4	123.1094	98-95-3*0	C6H5NO2
Formaldonitrone	CH2NHO	78.4	67.1	1.4	45.04066	67353-84-8*0	CH3NO
Oxywater	(H2O)O	64.8	58.3	1.3	34.01468	171363-09-0*0	H2O2
2-Cyclopropen-1-imine	(CHCH)CNH	401.8	394.1	1.4	53.0627	31589-17-0*0	C3H3N
1-Isocyanovinyl	CH2CNC	519.1	517.3	1.4	52.0547	321850-14-0*0	C3H2N
Chlorosyl hydride	HClO	141.9	139.0	1.7	52.46004	71572-35-5*0	ClHO
Aquachlorine cation	[ClOH2]+	821.8	815.0	1.7	53.46743	142599-65-3*0	ClH2O+
Tetrahedryl anion	[C(CH(CHCH))]-	634.6	630.8	1.8	51.0672	138805-00-2*0	C4H3-
Silicon carbide	SiC	740.5	745.5	2.4	40.0962	409-21-2*0	CSi
Tetrafluorosilane	SiF4	-1608.9	-1614.41	0.63	104.07911	7783-61-1*0	F4Si
Disilane	SiH3SiH3	92.3	76.3	1.4	62.21864	1590-87-0*0	H6Si2
Dimethylsilanone	CH3Si(O)CH3	-237.1	-252.5	2.3	74.1539	47956-45-6*0	C2H6OSi
Dimethylsilane	CH3SiH2CH3	-66.0	-87.5	1.2	60.1704	1111-74-6*0	C2H8Si
Fluorohydrochlorine cation	[FClH]+	975.3	972.3	2.0	55.45849	70110-64-4*0	ClFH+
Triprismane	((CHCH)((CHCH)(CHCH)	575.9	556.5	1.3	78.1118	650-42-0*0	C6H6
Phenanthrene	C6H4(C2H2(CC(C4H4)))	231.79	202.98	0.82	178.2292	85-01-8*0	C14H10
Diacetylide	[CCCCH]-	460.9	465.9	1.0	49.0513	59012-21-4*0	C4H-
Chlorohydrofluorine cation	[ClFH]+	1000.8	998.1	2.1	55.45849	70110-63-3*0	ClFH+
Cyanogen iodide anion	[ICN]-	86.5	88.9	8.1	152.92246	1356929-44-6*0	CIN-
Formaldehyde cation	[CH2O]+	944.866	941.245	0.097	30.02543	54288-05-0*0	CH2O+
Peroxychlorite	[OClOO]-	-34.3	-34.3	2.0	83.4514	852472-63-0*0	ClO3-
Fluorochlorate	[ClF]-	-256.03	-255.42	0.81	54.45165	12272-56-9*0	ClF-
Bromo hypobromite	BrOBr	120.5	104.0	1.2	175.8074	21308-80-5*0	Br2O
Trihydrogen dioxide anion	[HOHOH]-	-487.5	-495.8	1.1	35.02317	12501-19-8*0	H3O2-
Allene cation	[CH2CCH2]+	1132.06	1124.91	0.24	40.0633	65812-77-3*0	C3H4+
Peroxyimidogen	NOO	405.4	403.4	1.9	46.00554	*60488-31-5*0	NO2
Ethylene cation	[CH2CH2]+	1075.15	1067.94	0.12	28.0526	34470-02-5*0	C2H4+
Cycloprop-1-enylide	[CH2(CHC)]-	373.5	369.1	1.8	39.0565	80251-77-0*0	C3H3-
Trifluoromethide	[CF3]-	-637.6	-639.4	1.8	69.00646	54128-17-5*0	CF3-
2-Cyclopropen-1-ylium-1-yl	[C(CHCH)]+	1382.0	1380.9	1.1	38.0474	85398-75-0*0	C3H2+
Propenediylidene	CHCHC	796.2	797.3	1.4	38.048	60731-11-5*0	C3H2
n-Butylium	[CH3CH2CH2CH2]+	827.5	803.2	1.2	57.1137	25453-90-1*0	C4H9+
Diiodide	[I2]-	-178.13	-180.72	0.48	253.809489	12190-71-5*0	I2-
Oxadiazirene	O(NN)	351.7	349.9	1.7	44.01288	227934-45-4*0	N2O
iso-Hexane	CH3CH2CH2CH(CH3)2	-134.63	-173.88	0.84	86.1754	107-83-5*0	C6H14
NON	NON	545.5	542.6	1.7	44.01288	227934-46-5*0	N2O
n-Decane	CH3(CH2)8CH3	-192.42	-249.17	0.81	142.2817	124-18-5*0	C10H22
Ethyloxoniumyl	[CH3CH2OH]+	783.3	766.3	1.7	46.0679	34480-55-2*0	C2H6O+
1-Hydroxyethylium	[CH3CHOH]+	608.75	594.32	0.39	45.06	18682-96-7*0	C2H5O+
Ethyloxoniumylidene	[CH3CH2O]+	988.6	974.9	1.5	45.06	54387-07-4*0	C2H5O+
Acetaldehyde cation	[CH3CHO]+	831.92	821.95	0.26	44.052	36505-03-0*0	C2H4O+
Ketenyl anion	[HCCO]-	-48.47	-47.54	0.82	41.0293	64066-01-9*0	C2HO-
Dicarbon monoxide anion	[CCO]-	154.18	157.82	0.83	40.0213	87191-88-6*0	C2O-
C=O=C anion	[COC]-	550.3	554.1	1.7	40.0213	*87191-88-6*0	C2O-
Oxirene cation	[O(CHCH)]+	1106.3	1102.6	1.9	42.0361	94664-69-4*0	C2H2O+
Hydroperoxymethyl	CH2OOH	72.9	65.6	1.4	47.0333	74087-87-9*0	CH3O2
Dioxymethylidyne	COO	299.8	301.1	1.7	44.0095	791121-04-5*0	CO2
Isocyanic acid cation	[HNCO]+	1002.98	1000.31	0.49	43.02423	444010-28-0*0	CHNO+
Fulminic acid cation	[HCNO]+	1215.6	1212.9	1.3	43.02423	114766-65-3*0	CHNO+
Triiodide	[I3]-	-254.3	-257.5	3.4	380.713959	14900-04-0*0	I3-
Dibromide	[Br2]-	-199.2	-213.3	2.0	159.8085	12595-70-9*0	Br2-
Hydroxyoxoethenyl	HOCCO	24.3	22.5	1.8	57.0281	702699-39-6*0	C2HO2
Nitronium	[ONO]+	961.8	958.24	0.2	46.00499	14522-82-8*0	NO2+
Isocyanomethylidyne	CNC	672.2	676.5	1.7	38.0281	53590-27-5*0	C2N
Cyanomethylidyne	CCN	684.7	689.1	2.1	38.0281	4120-02-9*0	C2N
Dichloromethylene anion	[CCl2]-	75.63	77.91	0.77	82.9166	118364-73-1*0	CCl2-
Dichloromethylium	[CHCl2]+	894.7	891.5	1.2	83.9235	56932-33-3*0	CHCl2+
Dichloromethide	[CHCl2]-	-40.9	-42.6	2.0	83.9246	32180-91-9*0	CHCl2-
Chloromethylium	[CH2Cl]+	962.4	958.5	1.2	49.4787	59000-00-9*0	CH2Cl+
Chlorosyl chloride	ClClO	134.5	133.2	1.4	86.9048	86825-56-1*0	Cl2O
Pentachloroethane	CHCl2CCl3	-151.3	-157.2	1.9	202.2928	76-01-7*0	C2HCl5
Carbide	[C2]-	504.74	511.32	0.39	24.0219	12595-78-7*0	C2-
Chlorodibromomethane	CHClBr2	18.8	0.0	3.4	208.2793	124-48-1*0	CHBr2Cl
Tribromofluoromethane	CBr3F	-105.5	-129.5	1.5	270.7211	353-54-8*0	CBr3F
Tribromochloromethane	CBr3Cl	77.6	54.8	1.5	287.1754	594-15-0*0	CBr3Cl
Dioxygenyl ion monohydrate	[(H2O)(O2)]+	828.5	821.4	2.1	50.01353	11083-61-7*0	H2O3+
Bromochloromethane	CH2ClBr	-28.1	-42.2	1.3	129.3833	74-97-5*0	CH2BrCl
Fluoromethylene	CHF	148.39	148.67	0.43	32.01704	13453-52-6*0	CHF
Ethyl iodide	CH3CH2I	8.7	-7.18	0.49	155.9656	75-03-6*0	C2H5I
1,2-Dibromoacetylene	BrCCBr	333.5	322.6	2.3	183.8294	624-61-3*0	C2Br2
Fluorooxomethylium	[FCO]+	724.9	724.6	1.2	47.00795	38264-00-5*0	CFO+
Fluoroisoformyl	COF	-37.8	-32.4	1.6	47.0085	*1871-24-5*0	CFO
Benzene cation	[C6H6]+	992.51	976.05	0.22	78.1113	34504-50-2*0	C6H6+
2-Cyclopropyn-1-ylium-1-yl	[C(CC)]+	1944.8	1952.7	1.9	36.0316	154702-35-9*0	C3+
Fluoronium	[HFH]+	774.1	771.16	0.88	21.01373	12206-67-6*0	FH2+
m-Chlorophenide	[C6H4Cl]-	172.3	162.1	1.6	111.5492	77748-34-6*0	C6H4Cl-
p-Chlorophenide	[C6H4Cl]-	179.3	168.9	1.5	111.5492	77748-42-6*0	C6H4Cl-
o-Chlorophenide	[C6H4Cl]-	158.4	148.4	1.6	111.5492	72863-53-7*0	C6H4Cl-
2-Oxopropylium	[CH3C(O)CH2]+	784.5	770.7	1.8	57.0707	54088-52-7*0	C3H5O+
2,3-Butanedione	CH3C(O)C(O)CH3	-310.77	-327.33	0.65	86.0892	431-03-8*0	C4H6O2
1,2-Dibromoethane	CH2BrCH2Br	-11.6	-38.4	1.2	187.8612	106-93-4*0	C2H4Br2
Oxochloronium	[ClO]+	1150.86	1150.7	0.66	51.45155	12301-79-0*0	ClO+
2-Propynal	CHCCHO	135.5	133.3	1.4	54.0474	624-67-9*0	C3H2O
1,3-Butadiyne-1,4-diyl	CCCC	1052.4	1062.37	0.66	48.0428	78015-07-3*0	C4
Azete	(CHCHCH)N	469.4	461.3	1.5	53.0627	287-24-1*0	C3H3N
3-Oxo-1,2-propadienylidene	CCCO	330.0	335.9	2.0	52.0315	11127-17-6*0	C3O
Vinylacetylene cation	[CH2CHCCH]+	1221.5	1215.0	1.1	52.074	59699-48-8*0	C4H4+
Bicyclo[1.1.0]but-2-ylium-1-yl	[CH2(CCH)CH]+	1286.8	1277.8	1.5	52.074	*78525-41-4*0	C4H4+
Hydroxydioxonitrate	[HON(O)O]-	-193.2	-197.6	2.4	63.01343	58875-09-5*0	HNO3-
2-Cyclopropen-1-ylidenemethyl	CHC(CHCH)	635.6	632.5	1.3	51.0666	127611-25-0*0	C4H3
5-Methyl-1,3-cyclopentadiene	CH3CH(CHCHCHCH)	133.6	110.7	1.4	80.1277	96-38-8*0	C6H8
Disilicon	Si2	587.8	591.7	1.7	56.171	12597-35-2*0	Si2
Disiloxane	SiH3OSiH3	-330.0	-347.0	2.3	78.21804	13597-73-4*0	H6OSi2
Tetramethylsilane	Si(CH3)4	-184.1	-214.6	2.1	88.2236	75-76-3*0	C4H12Si
Trimethylsilyl	Si(CH3)3	47.8	25.8	2.2	73.1891	16571-41-8*0	C3H9Si
1,2,3-Pentatriene	CH2CCCHCH3	302.4	290.1	1.4	66.1011	62018-46-6*0	C5H6
Azanylium	[NH2]+	1266.57	1264.49	0.11	16.02207	15194-15-7*0	H2N+
Peroxyimidogen anion	[NOO]-	165.0	162.7	1.7	46.00609	60488-31-5*0	NO2-
Chlorine difluoride anion	[FClF]-	-504.9	-505.8	1.9	73.45005	16892-05-0*0	ClF2-
Propynylidene cation	[HCCCH]+	1410.9	1413.4	1.3	38.0474	75123-91-0*0	C3H2+
Nirous oxide cation	[NNO]+	1329.68	1326.78	0.12	44.01233	12269-46-4*0	N2O+
Chlorine difluoride	ClFF	22.5	23.8	1.9	73.44951	91483-78-2*0	ClF2
Propadienylidenide	[CH2CC]-	381.11	382.01	0.41	38.0485	109292-49-1*0	C3H2-
1,2-Propadien-1-ylium-1-yl	[CH2CC]+	1561.6	1562.8	1.4	38.0474	110714-00-6*0	C3H2+
Nitrosyl fluoride	FNO	-85.81	-88.18	0.93	49.00454	7789-25-5*0	FNO
Fluorodioxidenium	[FOO]+	1221.9	1219.5	2.0	50.99665	139584-95-5*0	FO2+
2-Butyn-1-yl anion	[CH3CCCH2]-	253.4	244.6	1.6	53.083	65114-66-1*0	C4H5-
1-Methylene-2-propenyl	CH2CHCCH2	327.03	317.03	0.94	53.0825	1204515-52-5*0	C4H5
Fluorodioxidanide	[FOO]-	-256.8	-256.1	1.9	50.99775	23553-17-5*0	FO2-
Dioxofluorine	OFO	524.0	523.2	1.0	50.9972	175861-93-5*0	FO2
Oxadiazirine anion	[O(NN)]-	95.1	95.5	2.9	44.01343	350586-31-1*0	N2O-
1,5-Hexadiene	CH2CHCH2CH2CHCH2	108.4	83.81	0.4	82.1436	592-42-7*0	C6H10
Ethane cation	[CH3CH3]+	1043.12	1029.11	0.59	30.0685	34488-65-8*0	C2H6+
Methyleneoxonium cation	[CH2OH2]+	827.7	818.3	1.7	32.04131	*177788-17-9*0	CH4O+
Perchloryloxy	OCl(O)(O)O	248.7	241.1	1.8	99.4503	12133-63-0*0	ClO4
Perchlorate	[OCl(O)(O)O]-	-263.2	-272.1	2.2	99.4508	14797-73-0*0	ClO4-
Hydroxymethanide	[CH2OH]-	9.4	2.8	1.7	31.03447	55830-71-2*0	CH3O-
Dicarbon monoxide cation	[CCO]+	1433.9	1439.0	2.1	40.0203	12287-08-0*0	C2O+
Oxirene anion	[O(CHCH)]-	288.3	285.3	2.2	42.0372	*157-18-6*0	C2H2O-
1-Hydrazinylium-1-yl	[NNH2]+	1143.4	1136.4	1.4	30.02881	63986-30-1*0	H2N2+
Dioxirane cation	[CH2(OO)]+	1050.8	1043.2	2.0	46.0248	232262-10-1*0	CH2O2+
Dioxymethyl cation	[CH2OO]+	1075.0	1068.6	1.8	46.0248	232262-11-2*0	CH2O2+
Dihydrogen cation	[H2]+	1488.364	1488.48	0.0	2.01533	12184-90-6*0	H2+
Cyanato cation	[NCO]+	1261.49	1261.99	0.58	42.01629	17247-99-3*0	CNO+
Nitrosomethyliumylidene	[CNO]+	1509.8	1510.9	1.7	42.01629	67197-19-7*0	CNO+
Fulminate	[CNO]-	59.5	59.8	1.7	42.01739	28269-67-2*0	CNO-
Aquacarbon cation	[H2OC]+	1196.1	1193.0	1.7	30.02543	*81434-73-3*0	CH2O+
Glyoxal	OCHCHO	-207.71	-213.27	0.61	58.0361	107-22-2*0	C2H2O2
Ethynediol	HOCCOH	-18.4	-22.2	1.7	58.0361	16005-17-7*0	C2H2O2
Dimethylaminylium	[(CH3)2N]+	1040.3	1024.9	1.8	44.0752	49784-85-2*0	C2H6N+
Diisocyanogen	CNNC	610.9	613.2	1.7	52.0349	78800-21-2*0	C2N2
Carbonic acid	C(O)(OH)2	-602.73	-612.04	0.75	62.0248	463-79-6*0	CH2O3
Hydroxylamine cation	[NH2OH]+	857.7	847.9	1.6	33.02941	62675-55-2*0	H3NO+
Chloromethyliumyl	[CHCl]+	1207.4	1207.6	2.0	48.4708	89877-51-0*0	CHCl+
Chloromethylene anion	[CHCl]-	203.44	204.26	0.94	48.4719	75466-08-9*0	CHCl-
Dihydrogen fluoride	(H)(HF)	-55.9	-54.9	1.6	21.01428	12592-22-2*1	FH2
Ethynylene cation	[C2]+	1965.21	1971.79	0.5	24.0209	12595-79-8*0	C2+
3-Chloro-3-methyl-3H-diazirine	(NN)CClCH3	251.4	239.5	2.7	90.5114	4222-21-3*0	C2H3ClN2
Trifluoride ion	[F3]-	-348.8	-349.7	2.6	56.9957582	25730-99-8*0	F3-
Bifluoride	[FHF]-	-705.21	-709.06	0.36	39.005295	18130-74-0*0	F2H-
Dioxaziridinyl cation	[N(OO)]+	1365.9	1363.3	1.7	46.00499	*66252-29-7*0	NO2+
Aminyliumyl	[NH]+	1659.04	1659.96	0.24	15.014131	19067-62-0*0	HN+
Fluorochlorobromomethane	CHFClBr	-218.3	-230.9	4.9	147.3737	593-98-6*0	CHBrClF
Nitrogen hydride oxide	NH3O	71.2	60.0	1.5	33.02996	38544-48-8*0	H3NO
Fluoromethyliumyl	[CHF]+	1116.6	1116.9	1.7	32.01649	89877-52-1*0	CHF+
Fluoromethylene anion	[CHF]-	95.93	96.47	0.61	32.01759	71267-42-0*0	CHF-
Fluoroniumyl ion	[HF]+	1275.561	1275.793	0.049	20.005795	12381-92-9*0	FH+
Hydrofluorate ion	[HF]-	-75.6	-75.1	1.8	20.006892	37249-79-9*0	FH-
Aminooxy cation	[NH2O]+	946.1	938.97	0.79	32.02147	*51375-41-8*0	H2NO+
Fluoroethynide	[CCF]-	133.3	137.5	1.5	43.0204	85905-56-2*0	C2F-
Formyl fluoride cation	[CHFO]+	816.6	813.3	1.3	48.01589	99766-68-4*0	CHFO+
Formyl fluoride	[FCO]-	-405.1	-403.7	1.6	47.00905	62227-71-8*0	CFO-
Fluoroisoformyl cation	[COF]+	1347.4	1349.5	1.9	47.00795	*1871-25-6*0	CFO+
Deuterium atom cation	D+	1532.21	1534.123	0.0	2.01355319809	14464-47-2*0	D+
o-Benzyne cation	[C6H4]+	1392.8	1384.8	1.7	76.0954	70220-84-7*0	C6H4+
m-Benzyne cation	[C6H4]+	1364.8	1356.2	1.8	76.0954	121058-08-0*0	C6H4+
Benzylium	[C6H5CH2]+	929.47	909.98	0.57	91.1299	6711-19-9*0	C7H7+
Tropylium	[CH(CHCHCHCHCHCH)]+	898.1	878.3	1.1	91.1299	26811-28-9*0	C7H7+
Hydrogen cyanide cation	[HCN]+	1442.51	1442.05	0.2	27.02483	12601-62-6*0	CHN+
Hydroxyamidogen anion	[HNOH]-	90.7	84.8	2.8	32.02257	*66097-71-0*0	H2NO-
1,1-Dibromoethane	CH3CHBr2	-5.0	-32.0	1.8	187.8612	557-91-5*0	C2H4Br2
Nitrilomethylium	[CN]+	1783.16	1786.64	0.48	26.01689	12539-57-0*0	CN+
Formaldiminoxy	CH2NO	160.9	153.9	1.5	44.03272	2683-96-7*0	CH2NO
Oxaziridine	CH2(NHO)	115.5	103.7	2.1	45.04066	6827-26-5*0	CH3NO
Cyanoethynyl	CCCN	715.7	722.1	1.2	50.0388	62435-43-2*0	C3N
Dihydrooxooxygen cation	[(H2O)O]+	994.8	988.1	1.6	34.01413	177329-59-8*0	H2O2+
2-Methylene-2H-azirine	(CHN)CCH2	404.2	396.8	1.7	53.0627	110027-86-6*0	C3H3N
Dioxaziridinyl anion	[N(OO)]-	295.9	293.4	1.7	46.00609	66252-31-1*0	NO2-
3-Methylenecyclopropene cation	[CH2C(CHCH)]+	1181.2	1174.1	1.4	52.074	79105-72-9*0	C4H4+
Chlorite	[OClO]-	-105.51	-107.68	0.37	67.452	14998-27-7*0	ClO2-
3-Methylcycloprop-3-en-2-ylium-1-yl	[CH3C(CHC)]+	1283.7	1277.2	1.5	52.074	*185841-59-2*0	C4H4+
Propyne cation	[CH3CCH]+	1192.65	1186.93	0.38	40.0633	34526-53-9*0	C3H4+
3-Methylene-1-cyclopropen-1-yl anion	[CH2C(CHC)]-	417.1	413.3	1.9	51.0672	*117469-28-0*0	C4H3-
Cyclobutenyl	CH2(CHCHCH)	335.7	323.2	2.2	53.0825	24669-29-2*0	C4H5
Butyraldehyde	CH3CH2CH2CHO	-185.44	-205.81	0.85	72.1057	123-72-8*0	C4H8O
Chloroallene	CH2CCHCl	181.5	174.8	1.6	74.5086	3223-70-9*0	C3H3Cl
1-Chloropropyne	CH3CCCl	191.3	187.2	1.6	74.5086	7747-84-4*0	C3H3Cl
Methylcyclopentane	CH3CH(CH2CH2CH2CH2)	-68.76	-106.29	0.37	84.1595	96-37-7*0	C6H12
Silicon carbide cation	[SiC]+	1602.2	1606.8	2.6	40.09565	78393-58-5*0	CSi+
Silanide	[SiH3]-	69.0	63.4	1.6	31.10987	15807-96-2*0	H3Si-
Silyliumyl	[SiH2]+	1155.9	1154.3	1.1	30.10083	28149-31-7*0	H2Si+
Peroxyimidogen cation	[NOO]+	1409.7	1406.8	1.9	46.00499	*60488-32-6*0	NO2+
Nitrous acid	HONO	-72.991	-78.647	0.079	47.01348	7782-77-6*0	HNO2
1,2,4-Cyclohexatriene	CH2(CHCHCHCCH)	419.3	403.5	2.0	78.1118	124869-33-6*0	C6H6
Pentatetraene	CH2CCCCH2	452.6	448.6	1.6	64.0853	21986-03-8*0	C5H4
2-Methyl-2-propanamine	(CH3)3CNH2	-87.16	-120.81	0.55	73.1369	75-64-9*0	C4H11N
Biphenyl	C6H5C6H5	206.9	178.7	1.2	154.2078	92-52-4*0	C12H10
Krypton hydride cation	[KrH]+	1106.33	1104.55	0.69	84.8074	37276-90-7*0	HKr+
1-Cyclopropene-1,2-diyl	CH2(CC)	791.0	790.6	1.5	38.048	202744-75-0*0	C3H2
Oxiranylidene cation	[CH2(CO)]+	1165.4	1161.9	2.5	42.0361	*50983-85-2*0	C2H2O+
Oxiranylidene anion	[CH2(CO)]-	236.4	232.4	2.3	42.0372	*50983-86-3*0	C2H2O-
Nirous oxide anion	[NNO]-	99.2	96.7	1.9	44.01343	12274-12-3*0	N2O-
Methyl hydroperoxide cation	[CH3OOH]+	833.5	819.5	2.2	48.0407	112465-88-0*0	CH4O2+
Methoxyoxoniumylidene	[CH3OO]+	1012.67	1003.83	0.69	47.0328	86475-50-5*0	CH3O2+
Ethylidene anion	[CH3CH]-	325.6	318.3	1.8	28.0537	35829-99-3*0	C2H4-
Cyclopropenyliumdiyl	[CH(CC)]+	1692.1	1695.0	1.9	37.0395	127476-05-5*0	C3H+
Chloroniumyl ion	[HCl]+	1137.797	1137.731	0.0051	36.46009	12258-94-5*0	ClH+
Cyclopropynyl anion	[CH(CC)]-	518.09	521.07	0.88	37.0406	136861-42-2*0	C3H-
Dioxirane anion	[CH2(OO)]-	-173.0	-179.8	3.4	46.0259	*157-26-6*0	CH2O2-
Dioxymethyl anion	[CH2OO]-	55.0	49.8	1.4	46.0259	93207-29-5*0	CH2O2-
Tetranitrogen cation	[NNNN]+	1392.8	1392.5	1.5	56.02641	12185-04-5*0	N4+
Methylammoniumyl	[CH3NH2]+	865.91	851.98	0.26	31.05659	34516-31-9*0	CH5N+
Methanol anion	[CH3OH]-	-89.1	-99.8	2.8	32.04241	68474-04-4*0	CH4O-
Methylamine anion	[CH3NH2]-	84.2	69.3	2.8	31.05769	81096-79-9*0	CH5N-
Peroxychloric acid	HOOCl(O)O	77.5	69.3	2.6	100.4582	177778-91-5*0	ClHO4
Oxazirinyl cation	[C(NO)]+	1565.5	1566.2	2.3	42.01629	*228850-18-8*0	CNO+
Oxazirinyl anion	[C(NO)]-	448.2	449.0	2.4	42.01739	28269-68-3*0	CNO-
Chlorine difluoride cation	[ClFF]+	1346.3	1344.9	2.1	73.44896	86825-59-4*0	ClF2+
Chlorine difluoride anion	[ClFF]-	-319.0	-319.0	2.2	73.45005	91419-41-9*0	ClF2-
Aminomethyl anion	[CH2NH2]-	209.4	199.2	2.1	30.04975	74215-21-7*0	CH4N-
Triiodine cation	[I3]+	946.1	941.0	4.1	380.712861	12596-32-6*0	I3+
Methylaminilium	[CH3NH]+	1135.0	1125.2	2.1	30.04865	49784-84-1*0	CH4N+
Methyliumylamino	[CH2NH]+	1056.1	1049.3	1.8	29.04071	65130-65-6*0	CH3N+
Cyanogen cation	[NCCN]+	1598.23	1600.45	0.42	52.0343	37354-81-7*0	C2N2+
Isocyanogen	CNCN	412.1	414.4	1.3	52.0349	83951-85-3*0	C2N2
Diazoethenylidene	NNCC	658.7	661.3	1.8	52.0349	130760-10-0*0	C2N2
Isocyanomethyliumylidene	[CNC]+	1615.7	1621.2	1.9	38.0276	78271-45-1*0	C2N+
Isocyanomethylidyne anion	[CNC]-	479.2	482.9	2.0	38.0287	*53590-27-5*0	C2N-
Cyanomethyliumylidene	[CCN]+	1719.8	1725.3	2.1	38.0276	76619-90-4*0	C2N+
Cyanomethylidyne anion	[CCN]-	410.0	413.7	2.2	38.0287	12373-35-2*0	C2N-
2,3-didehydro-1H-azirin-1-yl	N(CC)	720.3	724.4	2.1	38.0281	439586-06-8*0	C2N
Cyanoaminylium	[HNCN]+	1362.8	1359.7	2.4	41.03157	205443-18-1*0	CHN2+
Cyanoamidogen anion	[HNCN]-	69.9	66.89	0.94	41.03267	67131-47-9*0	CHN2-
Cyanamide	NH2CN	140.8	134.5	1.5	42.04006	420-04-2*0	CH2N2
Diazomethylene	CNN	579.3	580.0	3.8	40.02418	2468-81-7*0	CN2
Trichloromethylium	[CCl3]+	854.35	852.83	0.93	118.3683	27130-34-3*0	CCl3+
Azanidylmethyl	[CH2NH]-	224.4	217.2	2.2	29.04181	127593-73-1*0	CH3N-
Dichloromethyliumyl	[CCl2]+	1121.6	1122.6	1.8	82.9156	55945-51-2*0	CCl2+
Triazirine	HN(NN)	464.1	457.7	2.6	43.02816	157-29-9*0	HN3
2-Propenylidyne anion	[CH2CHC]-	464.5	460.7	1.7	39.0565	120126-89-8*0	C3H3-
Tribromide	[Br3]-	-287.4	-308.4	1.9	239.7125	14522-80-6*0	Br3-
Aminomethyliumyl	[CHNH2]+	1039.5	1031.9	2.3	29.04071	89302-94-3*0	CH3N+
2-Propen-3-yliumylidene	[CHCHCH]+	1494.4	1491.4	1.7	39.0554	84654-86-4*0	C3H3+
2-Chloro ozone anion	[ClO(O)O]-	-103.3	-105.5	3.2	83.4514	*141801-67-4*0	ClO3-
2-Propenylidene anion	[CHCHCH]-	535.8	532.4	1.7	39.0565	98705-30-7*0	C3H3-
Aminomethylene anion	[CHNH2]-	353.0	346.1	2.3	29.04181	207914-86-1*0	CH3N-
Deuterium hydride cation	[HD]+	1490.498	1490.587	0.0	3.021493	12181-16-7*0	DH+
Methylimidogen anion	[CH3N]-	321.1	313.5	1.4	29.04181	82539-34-2*0	CH3N-
Chlorosyl chloride cation	[ClClO]+	1132.6	1130.8	2.0	86.9043	*86825-56-1*0	Cl2O+
Trifluorine cation	[F3]+	1529.5	1527.4	2.3	56.994661	64710-22-1*0	F3+
Chloromethane cation	[CH3Cl]+	1014.97	1008.2	0.25	50.4867	12538-71-5*0	CH3Cl+
Cyanogen bromide anion	[BrCN]-	58.2	54.5	3.8	105.922	54092-05-6*0	CBrN-
Bromofluoromethane	CH2FBr	-197.4	-211.9	4.9	112.929	373-52-4*0	CH2BrF
Chlorosyl chloride anion	[ClClO]-	-185.4	-184.7	2.3	86.9053	*86825-55-0*0	Cl2O-
Fluorodibromomethane	CHFBr2	-159.7	-179.3	4.9	191.825	1868-53-7*0	CHBr2F
Difluorochlorobromomethane	CF2ClBr	-428.9	-439.9	4.9	165.3642	353-59-3*0	CBrClF2
Dichlorofluorobromomethane	CCl2FBr	-228.3	-238.3	4.9	181.8185	353-58-2*0	CBrCl2F
Dibromofluorochloromethane	CBr2FCl	-169.9	-186.8	4.9	226.2698	353-55-9*0	CBr2ClF
Krypton cation	Kr+	1350.756	1350.756	0.0	83.7995	16915-28-9*0	Kr+
Chloryl chloride	ClCl(O)O	126.1	122.1	1.7	102.9042	117489-73-3*0	Cl2O2
1-Ethylium-1-yl	[CH3CH]+	1182.0	1174.6	3.2	28.0526	85944-79-2*0	C2H4+
Cyclohexene	CH2(CHCHCH2CH2CH2)	27.03	-4.43	0.32	82.1436	110-83-8*0	C6H10
1,2-Difluoroacetylene cation	[FCCF]+	1081.7	1084.5	1.3	62.0177	268566-70-7*0	C2F2+
iso-Proplylide	[CH3CHCH3]-	128.6	110.2	1.5	43.0882	25012-80-0*0	C3H7-
Difluorophosgene cation	[CF2O]+	653.45	650.69	0.51	66.00636	73256-56-1*0	CF2O+
1,2-Propadien-1-yl-3-ylidene anion	[CCC]-	622.0	629.4	1.3	36.0326	109292-47-9*0	C3-
Hypofluorous acid cation	[HOF]+	1142.01	1138.99	0.87	36.00519	90243-22-4*0	FHO+
Aminooxy anion	[NH2O]-	47.4	40.5	1.7	32.02257	51375-41-8*0	H2NO-
m-Benzyne anion	[C6H4]-	444.1	435.2	1.3	76.0965	249589-31-9*0	C6H4-
p-Benzyne anion	[C6H4]-	465.0	455.4	1.3	76.0965	219298-17-6*0	C6H4-
2-Cyclopropyn-1-yl anion	[C(CC)]-	664.8	672.1	1.6	36.0326	500574-36-7*0	C3-
Aminomethyliumylidene	[CNH2]+	1168.3	1165.1	2.2	28.03277	86784-42-1*0	CH2N+
Hypochlorous acid cation	[HOCl]+	998.92	995.87	0.9	52.45949	71606-47-8*0	ClHO+
Phenyloxoniumylidene	[C6H5O]+	901.4	887.1	2.2	93.1028	41071-17-4*0	C6H5O+
Anisole	C6H5OCH3	-47.81	-72.66	0.79	108.1378	100-66-3*0	C7H8O
Oxobromonium	[BrO]+	1139.4	1131.7	1.5	95.9029	142315-39-7*0	BrO+
1-Hydroxyethanide	[CH3CHOH]-	-20.3	-33.7	2.2	45.061	88032-18-2*0	C2H5O-
Ethyl nitrite	CH3CH2ONO	-81.38	-98.78	0.88	75.0666	109-95-5*0	C2H5NO2
1,1-Dibromoethene	CH2CBr2	125.4	105.1	2.1	185.8453	593-92-0*0	C2H2Br2
Norbornadiene	(CHCH)(CHCH2CH)(CHCH	267.5	242.0	1.0	92.1384	121-46-0*0	C7H8
Hydrooxonitrate	[HNO]-	78.62	75.7	0.99	31.01463	66057-02-1*0	HNO-
Nitric acid cation	[HON(O)O]+	1029.13	1020.07	0.69	63.01233	272109-63-4*0	HNO3+
Hydroxyimidogen anion	[NOH]-	229.8	227.4	2.2	31.01463	*35337-59-8*0	HNO-
Ethenedione	OCCO	14.9	17.3	2.2	56.0202	4363-38-6*0	C2O2
Ethenedione cation	[OCCO]+	909.7	912.8	2.3	56.0197	12541-99-0*0	C2O2+
Fluorine atom cation	F+	1758.306	1760.604	0.048	18.99785462	14701-13-4*0	F+
Hypobromous acid cation	[HOBr]+	975.01	964.39	0.53	96.9108	154804-02-1*0	BrHO+
Hypochlorous acid anion	[HOCl]-	198.7	198.4	2.5	52.46059	34524-94-2*0	ClHO-
1-Cyanovinylium	[CH2CCN]+	1318.3	1317.1	2.2	52.0542	85399-09-3*0	C3H2N+
Diazenium	[NH2NH]+	968.64	957.38	0.73	31.03675	37369-93-0*0	H3N2+
(Methylmethylene)oxonium	[CH3OCH2]+	685.6	671.3	2.3	45.06	23653-97-6*0	C2H5O+
Methoxymethyl anion	[CH3OCH2]-	23.0	10.0	2.3	45.061	61192-30-1*0	C2H5O-
Cyclopropylide	[CH(CH2CH2)]-	264.7	251.9	1.8	41.0723	1724-45-4*0	C3H5-
Acetaldehyde anion	[CH3CHO]-	-62.2	-72.5	2.2	44.0531	60427-04-5*0	C2H4O-
Butatriene cation	[CH2CCCH2]+	1210.3	1204.4	1.3	52.074	65513-85-1*0	C4H4+
3-Methanetetrayl-1,2-cyclopropanediylidene	CC(CC)	1154.8	1164.2	1.9	48.0428	78015-08-4*0	C4
Bicyclo[1.1.0]but-3-ene	CH2(CCH)CH	483.1	474.1	1.6	52.0746	78525-41-4*0	C4H4
Tetrahedrane cation	[CH(CH(CHCH))]+	1326.6	1318.4	1.8	52.074	80826-01-3*0	C4H4+
Bicyclo[1.1.0]but-1(3)-ene	CH2(CC)CH2	578.7	570.3	2.0	52.0746	58208-49-4*0	C4H4
Bicyclo[1.1.0]but-1(3)-ene cation	[CH2(CC)CH2]+	1461.5	1453.4	2.1	52.074	*58208-49-4*0	C4H4+
2-Cyclopropyn-1-ylidenemethyl anion	[CC(CC)]-	800.9	809.9	1.7	48.0433	289679-90-9*0	C4-
Imidogen anion	[NH]-	322.62	322.67	0.16	15.015229	23841-33-0*0	HN-
Trioxidanylium	[HOOO]+	1070.4	1064.2	1.4	49.00559	74241-49-9*0	HO3+
1-Hydroxyethenyl	CH2COH	121.31	114.93	0.99	43.0446	81847-74-7*0	C2H3O
Triazirinylium ion	[N(NN)]+	1608.9	1606.0	1.6	42.01967	92220-05-8*0	N3+
Cyanic azide	NCNNN	502.7	498.3	1.9	68.03766	764-05-6*0	CN4
Phenyl hydroperoxide	C6H5OOH	13.0	-6.0	2.1	110.1106	36112-26-2*0	C6H6O2
Formaldehyde anion	[CH2O]-	-26.7	-28.3	2.0	30.02653	27837-46-3*0	CH2O-
Propynylidene	HCCCH	543.45	546.45	0.65	38.048	67152-18-5*0	C3H2
Silylene anion	[SiH2]-	168.0	166.4	1.6	30.10193	54991-62-7*0	H2Si-
Silylidyne	SiH	371.45	373.24	0.81	29.09344	13774-94-2*0	HSi
Silyliumylidene	[SiH]+	1134.7	1135.9	1.2	29.09289	31241-66-4*0	HSi+
Isocyanomethylium	[CH2NC]+	1272.9	1270.7	2.2	40.0435	78269-43-9*0	C2H2N+
Ketene cation	[CH2CO]+	882.22	879.05	0.11	42.0361	64999-16-2*0	C2H2O+
Ketene anion	[CH2CO]-	-16.0	-19.1	2.2	42.0372	56391-79-8*0	C2H2O-
Tribromine	Br3	155.9	134.2	3.2	239.712	11094-39-6*0	Br3
Ammonium radical	NH4	190.01	179.42	0.43	18.0385	92075-50-8*0	H4N
Dewar benzene	(CHCH)(CHCHCHCH)	422.0	405.0	1.8	78.1118	5649-95-6*0	C6H6
Hydroxyoxoammoniumyl	[HONO]+	984.1	977.7	1.8	47.01293	80371-48-8*0	HNO2+
Ozone cation	[OOO]+	1352.871	1350.532	0.041	47.99765	12596-82-6*0	O3+
1,2-Hexadien-4-yne	CH2CCHCCCH3	407.3	397.3	1.7	78.1118	34783-10-3*0	C6H6
Oxoethenylium	[HCCO]+	1139.7	1142.4	2.1	41.0282	92056-63-8*0	C2HO+
3-Methyl-1,4-pentadiyne	HCCCH(CH3)CCH	438.9	427.4	1.6	78.1118	57242-04-3*0	C6H6
Anthracene	C6H4(CH(CC(C4H4)CH))	255.86	226.84	0.99	178.2292	120-12-7*0	C14H10
Bromine dioxide	OBrO	167.1	157.5	3.0	111.9028	21255-83-4*0	BrO2
Bicyclo[1.1.0]buta-1,1-diene-2,4-diyl	C(CCH)C	990.3	993.6	2.0	49.0507	*99417-53-5*0	C4H
Benzoic acid	C6H5C(O)OH	-274.39	-294.19	0.2	122.1213	65-85-0*0	C7H6O2
Hydraziniumyl	[NH2NH2]+	886.6	873.3	2.0	32.04469	20771-51-1*0	H4N2+
Carbon dioxide anion	[CO2]-	-340.6	-340.1	2.2	44.01005	14485-07-5*0	CO2-
Cyanoaminyliumyl	[NCN]+	1672.2	1673.6	2.6	40.02363	316122-03-9*0	CN2+
Cyanoamidogen anion	[NCN]-	211.72	211.65	0.62	40.02473	189879-95-6*0	CN2-
Dioxiranylidene cation	[C(OO)]+	1409.1	1410.3	2.6	44.00895	*138832-57-2*0	CO2+
Diazomethyliumyl	[CNN]+	1641.2	1642.4	4.1	40.02363	307495-90-5*0	CN2+
Diazomethylene anion	[CNN]-	408.3	408.5	3.8	40.02473	205498-92-6*0	CN2-
3H-Diazirin-3-ylidene	C(NN)	579.0	579.4	2.7	40.02418	253308-70-2*0	CN2
Chloromethyliumylidene	[CCl]+	1282.6	1285.7	2.4	47.4629	69773-94-0*0	CCl+
Chloromethylidyne anion	[CCl]-	319.7	323.4	2.5	47.4639	117129-77-8*0	CCl-
Peroxynitrous acid	HOONO	-5.8	-11.63	0.36	63.01288	14691-52-2*0	HNO3
Isodiazene anion	[NNH2]-	380.9	374.1	2.1	30.02991	*63986-30-1*0	H2N2-
Oxadiazirine cation	[O(NN)]+	1509.9	1507.2	2.4	44.01233	*227934-45-4*0	N2O+
Dihydrogen fluoride	(HF)(H)	-56.5	-54.1	1.7	21.01428	12592-22-2*2	FH2
Peroxyhypochlorite	[ClOO]-	-252.68	-251.66	0.35	67.452	224299-14-3*0	ClO2-
Formyloxidanyl	HC(O)O	-125.9	-127.26	0.56	45.0174	16499-21-1*0	CHO2
Dioxiranyl	HC(OO)	217.3	213.9	2.0	45.0174	120595-16-6*0	CHO2
Propane cation	[CH3CH2CH3]+	974.6	954.5	1.7	44.0951	34479-70-4*0	C3H8+
Difluoromethylene anion	[CF2]-	-211.16	-209.98	0.58	50.00805	66212-40-6*0	CF2-
Fluoromethylidyne anion	[CF]-	200.8	204.3	1.9	31.00965	33412-12-3*0	CF-
Oxygen atom hexacation	[O]+6	42035.28	42037.14	0.12	15.99611	14158-22-6*0	O+6
Trioxidane	HOOOH	-82.01	-90.61	0.63	50.01408	14699-99-1*0	H2O3
2,4,5-Trioxa-1,3-diazabicyclo[1.1.1]pentane	N(O3)N	602.5	593.3	2.1	76.01168	224950-18-9*0	N2O3
Bromosyl bromide	BrBrO	179.0	163.2	2.1	175.8074	68322-97-4*0	Br2O
Triiodine	I3	153.4	149.4	3.6	380.71341	12596-31-5*0	I3
Isocyanogen iodide	INC	341.7	342.0	4.9	152.92191	66004-32-8*0	CIN
Difluorovinylidene	CCF2	129.4	130.6	2.2	62.0182	41895-33-4*0	C2F2
Fluoroethynylium	[CCF]+	1536.2	1540.9	2.3	43.0193	268566-69-4*0	C2F+
Bromoacetylene	HCCBr	282.2	275.7	1.6	104.9333	593-61-3*0	C2HBr
Chlorooxomethylium	[ClCO]+	783.7	783.9	2.2	63.4623	38264-03-8*0	CClO+
Hydrochlorate ion	[HCl]-	-25.2	-24.2	2.5	36.46119	63099-75-2*0	ClH-
Chlorine hydride oxide	HCl(O)(O)O	165.2	155.3	2.5	84.4588	1027055-52-2*0	ClHO3
1,3-Butadiyne cation	[HCCCCH]+	1440.13	1441.99	0.64	50.0581	55468-55-8*0	C4H2+
Carbon suboxide cation	[OCCCO]+	928.3	931.8	1.3	68.0304	151528-67-5*0	C3O2+
Carbon suboxide anion	[OCCCO]-	-131.4	-128.0	2.5	68.0314	109362-94-9*0	C3O2-
Benzene anion	[C6H6]-	209.1	197.2	1.2	78.1124	34562-85-1*0	C6H6-
Methanol dimer	(CH3OH)2	-398.5	-419.1	1.4	64.0837	42845-44-3*0	C2H8O2
Trioxirane	O(OO)	272.7	270.1	1.3	47.9982	153851-84-4*0	O3
Tetraoxodinitrogen cation	[O2NNO2]+	1030.6	1025.2	2.6	92.0105	64476-91-1*0	N2O4+
Cyclopropenylidene anion	[C(CHCH)]-	544.2	543.8	2.2	38.0485	*16165-40-5*0	C3H2-
Trioxidanyl	HOOO	25.32	23.23	0.13	49.00614	12500-78-6*0	HO3
m-Benzyne	C6H4	527.0	518.5	1.2	76.096	1828-89-3*0	C6H4
1-Methyl-1-ethylium-1-yl	[CH3CCH3]+	1058.1	1045.6	1.9	42.0792	121408-19-3*0	C3H6+
p-Benzyne cation	[C6H4]+	1424.9	1417.7	2.1	76.0954	121058-09-1*0	C6H4+
p-Benzyne	C6H4	587.0	577.6	1.2	76.096	3355-34-8*0	C6H4
Oxygen difluoride anion	[FOF]-	-202.0	-201.9	2.7	53.99675	*7783-41-7*0	F2O-
Cyclopentadienylium	[CH(CHCHCHCH)]+	1087.73	1074.87	0.92	65.0927	29661-18-5*0	C5H5+
NON cation	[NON]+	1443.9	1444.1	2.8	44.01233	*227934-46-5*0	N2O+
Cycloprop-2-enylide	[CH(CHCH)]-	514.8	511.8	2.2	39.0565	20829-57-6*0	C3H3-
Isopropylidene anion	[CH3CCH3]-	282.4	268.2	2.0	42.0803	*121408-19-3*0	C3H6-
2-Propen-3-ylium-1-ylidyne	[CHCHC]+	1791.1	1792.7	2.6	38.0474	161054-36-0*0	C3H2+
Fluorobenzene anion	[C6H5F]-	-18.3	-30.2	1.8	96.1029	34561-55-2*0	C6H5F-
m-Chlorophenylium	[C6H4Cl]+	1160.1	1150.0	2.6	111.5481	127983-85-1*0	C6H4Cl+
p-Chlorophenylium	[C6H4Cl]+	1147.4	1137.9	2.5	111.5481	42766-43-8*0	C6H4Cl+
o-Chlorophenylium	[C6H4Cl]+	1166.7	1157.4	2.5	111.5481	137963-70-3*0	C6H4Cl+
Iodobenzene cation	[C6H5I]+	1022.82	1007.38	0.99	204.0078	38406-85-8*0	C6H5I+
Succinic acid	(CH2C(O)OH)2	-802.5	-824.7	3.0	118.088	110-15-6*0	C4H6O4
1,2-Diiodoethane	CH2ICH2I	87.8	73.13	0.9	281.8621	624-73-7*0	C2H4I2
Bicyclo[1.1.0]buta-1,3-dien-4-ylium-2-yl	[C(CC)C]+	2087.7	2097.6	2.3	48.0423	289679-91-0*0	C4+
Bicyclo[1.1.0]buta-1,3-dien-2-yl anion	[C(CC)C]-	803.2	810.8	1.8	48.0433	289679-89-6*0	C4-
Ethenedione anion	[OCCO]-	-149.5	-146.9	2.3	56.0207	77783-15-4*0	C2O2-
Chloryl ion	[OClO]+	1100.27	1097.61	0.53	67.451	25052-55-5*0	ClO2+
1-Propynylium	[CH3CC]+	1547.0	1545.1	3.1	39.0554	24858-94-4*0	C3H3+
1,3-Butadiynyl anion	[CCCC]-	677.4	686.5	1.1	48.0433	59158-53-1*0	C4-
1-Isocyanoethylidene	CH3CNC	527.8	523.1	1.1	53.0627	*498544-34-6*0	C3H3N
Hydrazoic acid cation	[HNNN]+	1333.68	1328.0	0.83	43.02761	58852-14-5*0	HN3+
Dioxohydrazine	ONNO	172.92	171.15	0.14	60.01228	16824-89-8*0	N2O2
1-Ethenylium-1-yl	[CCH2]+	1507.0	1507.1	2.1	26.0367	80541-07-7*0	C2H2+
Cyclopropylium	[CH(CH2CH2)]+	1104.6	1093.1	2.4	41.0713	1724-43-2*0	C3H5+
NON anion	[NON]-	495.3	492.8	2.5	44.01343	*227934-47-6*0	N2O-
Perchloryl cation	[OCl(O)O]+	1252.1	1246.4	2.5	83.4504	23594-88-9*0	ClO3+
Isocyanogen iodide anion	[INC]-	123.0	125.2	9.3	152.92246	*66004-32-8*0	CIN-
Oxygen difluoride cation	[FOF]+	1292.12	1289.59	0.66	53.99566	39432-25-2*0	F2O+
Cycloprop-1-enylium	[CH2(CHC)]+	1502.2	1497.9	2.2	39.0554	117067-78-4*0	C3H3+
2-Cyclopropyn-1-ylidenemethyliumyl	[CC(CC)]+	2239.6	2247.5	2.3	48.0423	289679-92-1*0	C4+
Isocyanogen bromide	BrNC	341.5	335.8	3.4	105.9214	65997-98-0*0	CBrN
Chlorodioxidanyl	ClOO	100.46	99.36	0.35	67.4515	17376-09-9*0	ClO2
Propenediylidene anion	[CHCHC]-	588.8	590.0	2.3	38.0485	*161054-36-0*0	C3H2-
1,3-Cyclobutadien-1-yl anion	[C(CHCHCH)]-	616.3	611.8	2.2	51.0672	154675-37-3*0	C4H3-
Cyclobutenylium	[CH2(CHCHCH)]+	1037.3	1024.2	3.4	53.082	12316-90-4*0	C4H5+
Bromoniumyl	[HBr]+	1098.07	1090.22	0.14	80.9114	12258-64-9*0	BrH+
Isocyanogen chloride	ClNC	314.5	316.2	2.4	61.4701	75754-69-7*0	CClN
Deuterium hydride	HD	0.328	0.319	0.0	3.022042	13983-20-5*0	DH
Disilicon cation	[Si2]+	1350.2	1353.8	2.8	56.17045	12597-36-3*0	Si2+
Dioxosilane cation	[SiO2]+	946.4	946.4	2.8	60.08375	59458-81-0*0	O2Si+
Silicate	[SiO2]-	-477.3	-478.1	2.7	60.08485	53095-83-3*0	O2Si-
Oxosilicate	[SiO]-	-105.8	-104.6	2.6	44.08545	12503-59-2*0	OSi-
Silane cation	[SiH4]+	1104.9	1097.7	1.7	32.11671	34826-51-2*0	H4Si+
Silylium	[SiH3]+	989.6	984.0	1.2	31.10877	41753-67-7*0	H3Si+
Dioxygen difluoride	OOF2	75.1	71.6	3.6	69.99561	183051-89-0*0	F2O2
Silylidyne anion	[SiH]-	248.6	249.8	1.2	29.09399	68865-96-3*0	HSi-
Ammonia anion	[NH3]-	94.3	87.2	2.4	17.03111	37353-00-7*0	H3N-
Trifluorine	F3	80.6	81.9	2.6	56.9952096	73455-86-4*0	F3
Carbon monoxide anion	[CO]-	30.0	33.7	2.3	28.01065	12539-63-8*0	CO-
Trimethylenecyclopropane	(C3)(CH2)3	454.1	441.2	1.8	78.1118	3227-90-5*0	C6H6
3,4-Bis(methylene)cyclobutene	CH2(CCHCHC)CH2	355.4	340.8	1.8	78.1118	5291-90-7*0	C6H6
1-Ethynylcyclobutene	HCCC(CHCH2CH2)	402.1	387.8	1.8	78.1118	813466-25-0*0	C6H6
3-Methyl-1,2-pentadien-4-yne	CH2CC(CH3)CCH	414.5	403.3	2.3	78.1118	813466-14-7*0	C6H6
Cyanogen anion	[NCCN]-	281.5	284.7	2.2	52.0354	11118-88-0*0	C2N2-
Isocyanic fluoride	FNC	301.3	303.1	1.7	45.01584	16992-26-0*0	CFN
Helium hydride cation	[HeH]+	1350.148	1348.258	0.0	5.009993	17009-49-3*0	HHe+
Xenon hydride cation	[XeH]+	1038.04	1036.26	0.89	132.2974	37276-91-8*0	HXe+
Oxygen atom tetracation	[O]+4	17719.207	17721.064	0.025	15.99721	14127-65-2*0	O+4
Oxygen atom heptacation	[O]+7	113369.48	113371.34	0.12	15.99556	14274-89-6*0	O+7
1-Hydroxyethyl	CH3CHOH	-42.79	-56.22	0.57	45.0605	2348-46-1*0	C2H5O
Tetraoxodinitrate anion	[O2NNO2]-	-184.6	-187.8	2.4	92.0116	63552-02-3*0	N2O4-
Tropylide	[CH(CHCHCHCHCHCH)]-	261.1	244.7	2.0	91.131	34464-18-1*0	C7H7-
sec-Butylium	[CH3CH2CHCH3]+	792.9	769.3	1.7	57.1137	16548-59-7*0	C4H9+
mu-Oxodichlorine cation	[ClOCl]+	1130.44	1126.84	0.63	86.9043	51174-96-0*0	Cl2O+
mu-Oxodichlorate anion	[ClOCl]-	-147.8	-147.7	2.5	86.9053	365546-30-1*0	Cl2O-
Trioxirane cation	[O(OO)]+	1444.5	1442.3	2.2	47.99765	*153851-84-4*0	O3+
Hydroxymethylene	HCOH	112.68	108.92	0.27	30.02598	19710-56-6*0	CH2O
Methyl acetate	CH3C(O)OCH3	-394.22	-413.09	0.6	74.0785	79-20-9*0	C3H6O2
Methylene	CH2	391.06	391.617	0.097	14.02658	2465-56-7*0	CH2
2-Chloro ozone	ClO(O)O	266.0	265.4	3.7	83.4509	*141801-66-3*0	ClO3
Dioxofluorine anion	[OFO]-	155.9	154.4	2.5	50.99775	*175861-93-5*0	FO2-
Diatomic bromine cation	[Br2]+	1060.32	1045.37	0.23	159.8075	12595-71-0*0	Br2+
Acrolein	CH2CHCHO	-55.3	-65.4	1.2	56.0633	107-02-8*0	C3H4O
1,2-Propadien-1-one cation	[CH2CCO]+	1012.6	1011.2	1.9	54.0468	87612-93-9*0	C3H2O+
1-Methylethenylium	[CH3CCH2]+	995.3	986.1	2.0	41.0713	50457-57-3*0	C3H5+
2-Propynal cation	[CHCCHO]+	1168.3	1167.2	1.6	54.0468	100815-70-1*0	C3H2O+
Dihydrogen anion	[H2]-	253.8	254.7	1.2	2.01643	12184-89-3*0	H2-
1-Methylethenyl anion	[CH3CCH2]-	199.4	188.3	2.0	41.0723	65887-19-6*0	C3H5-
Cyanoacetylene cation	[HCCCN]+	1495.43	1497.73	0.62	51.0462	85398-68-1*0	C3HN+
Isocyanoacetylene cation	[HCCNC]+	1567.7	1570.3	1.3	51.0462	145076-03-5*0	C3HN+
1,3-Butadiyn-4-ylium-1-yl	[CCCC]+	2110.0	2120.6	2.8	48.0423	124708-46-9*0	C4+
Cyanoethynylium	[CCCN]+	1867.6	1874.3	3.2	50.0383	104233-69-4*0	C3N+
Tetroxidane	HOOOOH	-34.1	-44.6	2.3	66.0135	29683-94-1*0	H2O4
Trioxygen difluoride	FOOOF	112.3	107.1	1.1	85.99501	16829-28-0*0	F2O3
Methyl formate	HC(O)OCH3	-346.88	-359.92	0.84	60.052	107-31-3*0	C2H4O2
Ethyl formate	HC(O)OCH2CH3	-375.3	-394.0	1.2	74.0785	109-94-4*0	C3H6O2
Hydroxylamine	NH2OH	-33.12	-43.49	0.45	33.02996	7803-49-8*0	H3NO
Oxygen atom dication	[O]+2	4949.459	4953.0	0.013	15.9983	14127-63-0*0	O+2
2-Propen-1-ylium-1-ylidene	[CH2CHC]+	1373.1	1369.5	2.0	39.0554	88000-25-3*0	C3H3+
Deuteride	D-	146.991	148.904	0.0021	2.01465035791	14452-69-8*0	D-
Acetoxy	CH3C(O)O	-182.5	-191.2	1.2	59.044	13799-69-4*0	C2H3O2
1,2-Butadien-1-ylium-1-yl	[CH3CHCC]+	1466.8	1461.7	3.2	52.074	161054-21-3*0	C4H4+
Bicyclo[1.1.0]butan-3-id-1-yl	[CH2(CC)CH2]-	524.6	515.9	2.7	52.0751	131273-95-5*0	C4H4-
1,2-Cyclobutadiene	C(CHCH2CH)	586.0	579.4	2.3	52.0746	50682-90-1*0	C4H4
Dioxaziridine	HN(OO)	277.5	270.8	1.9	47.01348	67394-35-8*0	HNO2
Vinyl iodide	CH2CHI	139.6	130.8	1.2	153.9497	593-66-8*0	C2H3I
Acetylene anion	[HCCH]-	356.8	356.7	1.9	26.0378	50443-89-5*0	C2H2-
1,2-Propadien-1-ylium-1-yl-3-ylidene	[CCC]+	1944.8	1952.7	1.9	36.0316	118090-85-0*0	C3+
Propionic acid	CH3CH2C(O)OH	-436.35	-454.24	0.6	74.0785	79-09-4*0	C3H6O2
Oxygen atom trication	[O]+3	10249.929	10252.88	0.018	15.99775	14127-64-1*0	O+3
Difluorovinylidene cation	[CCF2]+	1181.6	1183.0	2.3	62.0177	268566-71-8*0	C2F2+
Deuterium molecule cation	[D2]+	1492.286	1492.361	0.0	4.02765497609	12184-84-8*0	D2+
Isocyanogen bromide anion	[BrNC]-	105.3	102.1	4.6	105.922	*238754-53-5*0	CBrN-
Bromodioxy	BrOO	118.2	109.1	4.3	111.9028	67177-47-3*0	BrO2
Oxosilyliumyl	[SiO]+	1022.2	1023.4	3.0	44.08435	12359-18-1*0	OSi+
Propylene cation	[CH3CHCH2]+	975.17	961.64	0.19	42.0792	34504-10-4*0	C3H6+
Water trimer	(H2O)3	-762.72	-776.82	0.2	54.04584	31014-12-7*0	H6O3
Cyclopropane cation	[CH2(CH2CH2)]+	1022.3	1006.8	1.6	42.0792	34496-93-0*0	C3H6+
Chlorodioxidenium	[ClOO]+	1215.1	1212.9	6.3	67.451	64710-10-7*0	ClO2+
Hydroxysilylium	[SiH2OH]+	600.2	591.5	2.9	47.10817	66639-72-3*0	H3OSi+
Difluorine cation	[F2]+	1514.301	1514.475	0.013	37.9962578	12184-86-0*0	F2+
Oxygen atom octacation	[O]+8	197447.75	197449.6	0.12	15.99501	21450-98-6*0	O+8
Dioxofluorine cation	[OFO]+	1667.0	1664.8	2.8	50.99665	223566-05-0*0	FO2+
Bicyclo[3.1.0]hexa-1,3-diene	CH2((CCH)(CHCHCH))	406.3	390.7	2.3	78.1118	28425-23-2*0	C6H6
3-Ethenylidenecyclobutene	CH2CC(CHCHCH2)	406.4	392.3	2.3	78.1118	813466-23-8*0	C6H6
3,4-Hexadien-1-yne	HCCCHCCHCH3	418.5	407.3	2.6	78.1118	194024-51-6*0	C6H6
3-Ethynylcyclobutene	HCCCH(CHCHCH2)	421.6	407.2	2.4	78.1118	175090-90-1*0	C6H6
Dinitrogen dimer	(N2)2	-0.88	0.84	0.67	56.02696	154680-01-0*0	N4
Oxygen atom pentacation	[O]+5	28708.788	28710.646	0.053	15.99666	14127-66-3*0	O+5
Tribromine cation	[Br3]+	1035.9	1013.2	2.6	239.7115	33105-86-1*0	Br3+
1,2-Diphenylethane	C6H5CH2CH2C6H5	180.56	142.07	0.76	182.261	103-29-7*0	C14H14
Isocyanogen cation	[CNCN]+	1654.1	1656.5	1.4	52.0343	133415-63-1*0	C2N2+
Chlorine trifluoride cation	[FCl(F)F]+	1053.4	1049.1	2.4	92.44736	478167-77-0*0	ClF3+
Buckminsterfullerene	C60	2524.3	2519.6	6.5	720.642	99685-96-8*0	C60
Cyclobutatrienyl	CH(CCC)	961.9	965.4	2.4	49.0507	*99417-52-4*0	C4H
1-Propen-1-yl-3-ylidene	CHCHCH	656.6	653.2	1.1	39.0559	84654-90-0*0	C3H3
2-Cyclopropen-1-one cation	[OC(CHCH)]+	1078.6	1075.5	2.0	54.0468	100815-68-7*0	C3H2O+
Phenol cation	[C6H5OH]+	746.1	727.3	0.64	94.1107	40932-22-7*0	C6H6O+
Phenol anion	[C6H5OH]-	22.7	7.8	4.9	94.1118	38752-11-3*0	C6H6O-
Isourea	NHC(OH)NH2	-156.2	-172.8	2.6	60.05534	4744-36-9*0	CH4N2O
Hydroxyformyl	HOCO	-181.14	-183.68	0.44	45.0174	2564-86-5*0	CHO2
Perchloric acid cation	[HOCl(O)(O)O]+	1191.8	1182.2	3.5	100.4577	91712-47-9*0	ClHO4+
Carbamoyl anion	[NH2CO]-	-81.9	-87.8	3.1	44.03327	78944-69-1*0	CH2NO-
Hydroxyformyl anion	[HOCO]-	-319.53	-321.39	0.57	45.018	78944-70-4*0	CHO2-
Carbamoyl	HNCOH	74.1	68.3	2.7	44.03272	*2858-51-7*0	CH2NO
2-Hydroxyethylium	[CH2CH2OH]+	1019.1	1007.0	1.5	45.06	38607-31-7*0	C2H5O+
Water dimer cation	[(H2O)2]+	556.8	546.4	3.0	36.03001	158061-35-9*0	H4O2+
Peroxychlorous acid	HOOClO	96.2	90.6	2.1	84.4588	177778-92-6*0	ClHO3
Dichloromethylene	CCl2	229.51	230.69	0.64	82.9161	1605-72-7*0	CCl2
Dichlorovinylidene	CCCl2	421.7	424.9	3.0	94.9268	20394-25-6*0	C2Cl2
Dioxymethylene	HCOO	341.8	339.8	3.0	45.0174	438586-67-5*0	CHO2
Formaldoxime	CH2NOH	30.5	19.9	1.3	45.04066	75-17-2*0	CH3NO
1-Methoxyethenol	CH2C(OH)OCH3	-284.9	-303.3	1.7	74.0785	4453-91-2*0	C3H6O2
Chlorovinylidene	CCHCl	428.0	429.8	3.0	60.482	70277-82-6*0	C2HCl
Benzaldehyde cation	[C6H5C(O)H]+	896.9	880.2	1.9	106.1214	80226-59-1*0	C7H6O+
Benzaldehyde anion	[C6H5C(O)H]-	-60.2	-77.8	1.2	106.1225	34473-57-9*0	C7H6O-
Hydrogen peroxide cation	[H2O2]+	897.23	890.25	0.51	34.01413	12325-10-9*0	H2O2+
Cyanogen chloride cation	[ClCN]+	1326.05	1327.38	0.97	61.4696	37612-72-9*0	CClN+
2-Cyclopropyn-1-ylidene	C(CC)	898.9	905.8	1.6	36.0321	102508-15-6*0	C3
Ethynol anion	[HCCOH]-	163.5	165.0	3.3	42.0372	864971-50-6*0	C2H2O-
Ethylene anion	[CH2CH2]-	232.0	225.5	2.0	28.0537	34527-91-8*0	C2H4-
Oxirene	O(CHCH)	273.18	271.02	0.92	42.0367	157-18-6*0	C2H2O
3H-diazirin-3-ylidene-methylene	CC(NN)	837.3	839.9	2.3	52.0349	204253-88-3*0	C2N2
Ethane anion	[CH3CH3]-	41.9	26.6	4.4	30.0696	54064-82-3*0	C2H6-
1-Cyanoethylidene	CH3CCN	437.5	433.7	1.5	53.0627	498544-34-6*0	C3H3N
Difluorodioxidanium	[FOOF]+	1283.7	1280.0	2.3	69.99506	*7783-44-0*0	F2O2+
Cyanic acid cation	[HOCN]+	1135.7	1133.2	2.9	43.02423	59780-31-3*0	CHNO+
Difluorodioxidane anion	[FOOF]-	-251.0	-251.0	28.0	69.99615	*7783-45-1*0	F2O2-
3-Imino-2-propen-1-ylidene	CHCHCNH	530.6	526.3	1.2	53.0627	916765-05-4*0	C3H3N
Hydrogen cyanide anion	[HCN]-	129.513	129.035	0.089	27.02593	12334-27-9*0	CHN-
Dichlorine cation	[Cl2]+	1108.307	1108.286	0.0062	70.9049	12595-90-3*0	Cl2+
Fluoromethane cation	[CH3F]+	981.8	974.3	0.62	34.03237	59122-96-2*0	CH3F+
2-(Methylidyneamino)ethenyl	CHCHNCH	600.6	596.3	1.2	53.0627	123416-74-0*0	C3H3N
Fluorosyl fluoride anion	[FFO]-	-147.1	-146.8	3.0	53.99675	*86825-57-2*0	F2O-
Cyanogen iodide cation	[ICN]+	1271.4	1271.2	1.6	152.92136	34749-78-5*0	CIN+
Diazoethenylidene cation	[NNCC]+	1771.2	1773.2	3.5	52.0343	*130760-10-0*0	C2N2+
Dicarbon monoxide	CCO	377.12	381.16	0.83	40.0208	12071-23-7*0	C2O
1-Methylethylidene	CH3CCH3	315.91	303.01	0.99	42.0797	40852-89-9*0	C3H6
Carbonylmethyloxonium	[CH3OCO]+	561.3	553.1	3.2	59.0435	24434-00-2*0	C2H3O2+
2-Cyanovinyl	CHCHCN	448.0	445.5	1.2	52.0547	189141-20-6*0	C3H2N
2-Cyanovinyl anion	[CHCHCN]-	263.8	261.4	1.8	52.0553	*85398-67-0*0	C3H2N-
Methoxyoxomethyl	CH3OCO	-152.6	-160.3	1.5	59.044	16481-04-2*0	C2H3O2
2-Isocyanovinyl	CHCHNC	543.2	541.8	1.7	52.0547	225798-14-1*0	C3H2N
Propylidene anion	[CH3CH2CH]-	300.8	286.6	3.2	42.0803	*121408-55-7*0	C3H6-
Fluorosyl fluoride cation	[FFO]+	1413.1	1413.5	3.5	53.99566	*86825-50-5*0	F2O+
Cyanomethyliumyl	[HCCN]+	1506.7	1508.2	2.3	39.0355	34447-38-6*0	C2HN+
Cyanomethylene anion	[HCCN]-	286.6	287.1	1.5	39.0366	12373-24-9*0	C2HN-
Cyanomethylene	HCCN	479.9	483.3	1.1	39.0361	2612-62-6*0	C2HN
Isocyanomethyliumyl	[HCNC]+	1505.9	1507.8	3.3	39.0355	99045-54-2*0	C2HN+
Isocyanomethylene anion	[HCNC]-	400.6	401.3	2.1	39.0366	144141-01-5*0	C2HN-
Isocyanomethylene	HCNC	582.3	584.6	1.7	39.0361	78694-65-2*0	C2HN
Bromomethane cation	[CH3Br]+	996.91	981.99	0.27	94.938	12538-70-4*0	CH3Br+
3-Oxo-1,2-propadien-1-ylium-1-yl	[CCCO]+	1379.9	1385.2	3.9	52.031	151455-13-9*0	C3O+
3-Oxo-1,2-propadienylidene anion	[CCCO]-	223.9	229.7	3.6	52.032	109292-50-4*0	C3O-
Pentachloroethylium	[CCl3CCl2]+	836.2	834.5	3.3	201.2844	*7094-17-9*0	C2Cl5+
Nitrosyl nitrate	ONONO2	48.3	40.4	1.8	92.0111	15969-55-8*0	N2O4
Cyanic acid anion	[HOCN]-	-9.2	-9.6	3.1	43.02533	58199-47-6*0	CHNO-
Hydrogen isocyanide anion	[HNC]-	191.6	191.79	0.33	27.02593	96913-22-3*0	CHN-
Diazanide	[NH2NH]-	249.3	239.3	3.1	31.03785	25415-88-7*0	H3N2-
Propylidyne	CH3CH2C	492.5	482.8	1.2	41.0718	85056-54-8*0	C3H5
Pentachloroethanide	[CCl3CCl2]-	-283.7	-282.2	3.9	201.2854	263019-83-6*0	C2Cl5-
Fluorosyl fluoride	FFO	192.8	193.3	2.3	53.99621	86825-57-2*0	F2O
Oxoethylidene anion	[HCC(O)H]-	86.9	84.2	2.1	42.0372	106543-38-8*0	C2H2O-
Nitrosodioxaziridine	ONN(OO)	413.7	408.2	1.8	76.01168	132871-99-9*0	N2O3
1,3-Cyclobutadiene cation	[CH(CHCHCH)]+	1215.5	1207.2	3.1	52.074	34531-09-4*0	C4H4+
Formic acid cation	[HC(O)OH]+	721.89	715.36	0.26	46.0248	50614-05-6*0	CH2O2+
2-Methyl-2-cyclopropen-1-ylidene	CH3C(CHC)	447.9	441.7	1.2	52.0746	185841-59-2*0	C4H4
Ethynol	HCCOH	95.31	92.82	0.8	42.0367	32038-79-2*0	C2H2O
Iodomethane cation	[CH3I]+	944.8	935.4	0.18	141.93844	12538-72-6*0	CH3I+
Peroxyformic acid	HC(O)OOH	-279.24	-288.38	0.88	62.0248	107-32-4*0	CH2O3
Vinylvinylidene	CH2CHCHC	494.1	488.7	1.8	52.0746	148759-16-4*0	C4H4
Ethylidene	CH3CH	361.2	354.22	0.51	28.0532	4218-50-2*0	C2H4
Vinylvinylidene cation	[CH2CHCHC]+	1429.7	1424.4	2.1	52.074	161054-20-2*0	C4H4+
Vinylvinylidene anion	[CH2CHCHC]-	405.7	398.9	2.1	52.0751	167386-49-4*0	C4H4-
Ethenol	CH2CHOH	-113.11	-123.49	0.52	44.0526	557-75-5*0	C2H4O
Acetone enol	CH3C(OH)CH2	-152.0	-168.8	1.1	58.0791	29456-04-0*0	C3H6O
1,2-Butadien-1-ylidene	CH3CHCC	511.7	506.2	2.1	52.0746	119908-55-3*0	C4H4
Dioxodiazoxane	ONONO	93.0	88.1	1.3	76.01168	122413-35-8*0	N2O3
Formic acid anion	[HC(O)OH]-	-256.2	-262.3	1.8	46.0259	19066-82-1*0	CH2O2-
Nitrogen atom anion	N-	487.6	489.9	2.5	14.007289	17778-87-9*0	N-
2-Hydroxyethyl	CH2CH2OH	-13.37	-26.63	0.56	45.0605	4422-54-2*0	C2H5O
Vinyl alcohol cation	[CH2CHOH]+	778.7	767.7	1.3	44.052	57239-63-1*0	C2H4O+
Peroxyformyl	HC(O)OO	-100.37	-105.47	0.92	61.0168	56240-83-6*0	CHO3
Hydrazine anion	[NH2NH2]-	232.3	217.9	4.1	32.04579	65391-88-0*0	H4N2-
(Formyloxy)methyl	HC(O)OCH2	-151.8	-159.9	1.3	59.044	3122-12-1*0	C2H3O2
1,2,3-Butatrien-1-ylium	[CH2CCCH]+	1271.7	1269.9	1.1	51.0661	81932-79-8*0	C4H3+
Carboxymethyl	CH2C(O)OH	-227.2	-237.0	1.2	59.044	2887-46-9*0	C2H3O2
Oxiranylidene	CH2(CO)	213.5	209.2	1.4	42.0367	50983-85-2*0	C2H2O
Tetraoxidanyl	HOOOO	2.0	0.2	3.0	65.0055	69696-93-1*0	HO4
Hydrobromate ion	[HBr]-	-5.6	-12.1	4.3	80.9125	85532-97-4*0	BrH-
2-Methoxy-2-oxoethyl	CH2C(O)OCH3	-203.4	-218.6	1.6	73.0706	54668-31-4*0	C3H5O2
1-Buten-3-yn-1-yl	HCCCHCH	547.17	544.66	0.88	51.0666	2810-61-9*0	C4H3
1-Buten-3-ynylium	[HCCCHCH]+	1482.3	1480.1	1.5	51.0661	84654-85-3*0	C4H3+
But-1-en-3-yn-1-ide	[HCCCHCH]-	419.7	419.1	1.3	51.0672	119611-65-3*0	C4H3-
Methoxyethene	CH2CHOCH3	-89.3	-106.6	1.1	58.0791	107-25-5*0	C3H6O
Hypochloroperoxoous acid, hydroxy ester	HOOOCl	49.2	42.4	1.9	84.4588	928652-99-7*0	ClHO3
3-Buten-1-ynylium	[CH2CHCC]+	1572.5	1570.1	1.7	51.0661	103928-84-3*0	C4H3+
Chlorine pentafluoride anion	[FCl(F)(F)(F)F]-	-619.3	-622.7	4.4	130.44526	184851-42-1*0	ClF5-
(Acetyloxy)methyl	CH3C(O)OCH2	-200.6	-214.3	1.6	73.0706	2887-49-2*0	C3H5O2
3-Methylene-1-cyclopropen-1-ylium	[CH2C(CHC)]+	1398.6	1395.3	1.8	51.0661	117469-28-0*0	C4H3+
Hydroxyamidogen	HNOH	101.37	94.53	0.81	32.02202	13940-32-4*0	H2NO
Isocyanogen chloride anion	[ClNC]-	102.8	107.2	3.9	61.4707	923019-39-0*0	CClN-
2-Butynylium	[CH3CCCH2]+	1085.6	1077.4	1.6	53.082	64235-83-2*0	C4H5+
2-Cyclopropen-1-ylidenemethylium	[CHC(CHCH)]+	1346.3	1343.7	1.8	51.0661	112936-36-4*0	C4H3+
1,2-Difluoroethene	CHFCHF	-302.9	-309.0	0.9	64.0341	1691-13-0*0	C2H2F2
Chloromethylene	CHCl	320.27	320.55	0.89	48.4713	2108-20-5*0	CHCl
1,3-Cyclobutadien-1-ylium	[C(CHCHCH)]+	1388.2	1383.2	1.9	51.0661	81913-77-1*0	C4H3+
Hydroxyaminylium	[HNOH]+	1019.5	1012.4	2.5	32.02147	66097-71-0*0	H2NO+
2-Hydroxyethenyl	CHCHOH	138.01	132.18	0.92	43.0446	108665-16-3*0	C2H3O
C=O-C cation	[COC]+	1585.8	1592.9	2.7	40.0203	83483-98-1*0	C2O+
Cyclobutenide	[CH2(CHCHCH)]-	318.8	306.3	3.7	53.083	60211-42-9*0	C4H5-
Isocyanogen chloride cation	[ClNC]+	1480.8	1482.1	3.9	61.4696	956475-91-5*0	CClN+
Difluorovinylidene anion	[CCF2]-	-88.2	-87.1	2.3	62.0188	107693-92-5*0	C2F2-
Methane anion	[CH4]-	27.3	19.4	5.1	16.04301	27680-53-1*0	CH4-
Phenylperoxy cation	[C6H5OO]+	1018.2	1001.2	3.1	109.1022	956036-17-2*0	C6H5O2+
Phenylperoxy anion	[C6H5OO]-	-39.6	-56.6	3.3	109.1032	*956036-17-2*0	C6H5O2-
Ethoxyethene	CH2CHOCH2CH3	-117.7	-136.2	1.5	72.1057	109-92-2*0	C4H8O
Dibromovinylidene	CCBr2	511.0	499.9	4.1	183.8294	261771-36-2*0	C2Br2
Fluorovinylidene	CCHF	298.9	300.1	3.1	44.0277	70302-00-0*0	C2HF
Fulvene cation	[CH2C(CHCHCHCH)]+	1043.4	1027.6	2.7	78.1113	34504-75-1*0	C6H6+
Fulvene anion	[CH2C(CHCHCHCH)]-	191.2	176.1	4.0	78.1124	34504-63-7*0	C6H6-
Isocyanogen bromide cation	[BrNC]+	1470.2	1464.5	5.9	105.9209	238754-53-5*0	CBrN+
Methanediol	CH2(OH)2	-379.36	-392.75	0.92	48.0413	463-57-0*0	CH4O2
Silicon cation	Si+	1237.04	1241.17	0.64	28.08495	14067-07-3*0	Si+
Silicon anion	Si-	316.46	319.44	0.64	28.08605	14337-02-1*0	Si-
Bromovinylidene	CCHBr	466.6	460.6	3.8	104.9333	161957-27-3*0	C2HBr
Disilicon anion	[Si2]-	375.5	379.4	1.9	56.17155	64236-73-3*0	Si2-
Nitrato	[ON(O)O]+	1290.62	1285.91	0.86	62.00439	133057-96-2*0	NO3+
Difluorophosgene anion	[CF2O]-	-602.3	-604.2	3.3	66.00745	474815-26-4*0	CF2O-
Trioxidaniumyl	[HOOOH]+	925.5	916.6	1.5	50.01353	161321-37-5*0	H2O3+
Isocyanic fluoride anion	[FNC]-	74.3	75.9	5.7	45.01639	357426-78-9*0	CFN-
Propyl nitrite	CH3CH2CH2ONO	-96.1	-119.9	1.8	89.0932	543-67-9*0	C3H7NO2
Diiodine cation	[I2]+	963.523	960.408	0.018	253.808391	28712-14-3*0	I2+
Cyanomethylium	[CH2CN]+	1256.77	1254.13	0.74	40.0435	34430-18-7*0	C2H2N+
Fluoro(fluorooxy)methylene	FCOF	-134.8	-136.0	1.3	66.00691	479587-30-9*0	CF2O
Silicon carbide anion	[SiC]-	510.0	514.6	4.4	40.09675	86017-99-4*0	CSi-
Diazenide	[NNH]-	175.6	176.7	1.6	29.02197	71004-29-0*0	HN2-
Chlorohydroxymethyl	CH(Cl)OH	-54.7	-60.5	1.1	65.4787	147139-06-8*0	CH2ClO
Oxoiodonium	[IO]+	1066.1	1064.1	1.9	142.90332	81182-81-2*0	IO+
Peroxyhypochlorous acid cation	[HOOCl]+	1030.3	1024.5	2.5	68.4589	*67952-07-2*0	ClHO2+
Oxiranylium	[CH2(CHO)]+	901.2	893.2	1.5	43.0441	57789-76-1*0	C2H3O+
Dioxoethylium	[OCHCO]+	688.2	689.5	3.1	57.0276	*1994332-01-2*0	C2HO2+
Silylene	SiH2	272.5	270.8	1.2	30.10138	13825-90-6*0	H2Si
Ethanedial anion	[OCHCO]-	-189.1	-190.6	3.3	57.0287	1994332-01-2*0	C2HO2-
Isoformyl anion	[COH]-	55.7	58.4	1.8	29.01859	81747-63-9*0	CHO-
1,2-Dibromoethene	CHBrCHBr	121.2	101.1	2.0	185.8453	540-49-8*0	C2H2Br2
Oxiranyl anion	[CH2(CHO)]-	121.2	113.3	1.5	43.0452	72722-59-9*0	C2H3O-
Disilane cation	[SiH3SiH3]+	1030.5	1017.7	2.3	62.21809	96301-43-8*0	H6Si2+
Hydroxyoxoethenylium	[HOCCO]+	866.2	865.0	3.5	57.0276	*1994332-00-1*0	C2HO2+
Ethynediolide	[HOCCO]-	-133.1	-134.2	3.5	57.0287	1994332-00-1*0	C2HO2-
Phosgene cation	[CCl2O]+	897.1	896.0	1.7	98.915	73249-38-4*0	CCl2O+
Chlorous acid cation	[HOClO]+	996.6	991.6	3.1	68.4589	*99559-66-7*0	ClHO2+
Cyclopropylidene	C(CH2CH2)	474.87	466.84	0.85	40.0639	2143-70-6*0	C3H4
Chlorine trifluoride anion	[FCl(F)F]-	-480.4	-481.9	3.6	92.44846	184289-50-7*0	ClF3-
Chlorine chlorite	ClOClO	168.6	166.4	1.3	102.9042	105206-44-8*0	Cl2O2
Chloro(chlorooxy)methylene	ClCOCl	73.5	73.9	3.6	98.9155	479587-31-0*0	CCl2O
Oxoethylidene	HCC(O)H	261.1	258.3	1.1	42.0367	39920-84-8*0	C2H2O
(Methylamino)methyl anion	[CH3NHCH2]-	201.2	184.3	3.2	44.0763	*31277-25-5*0	C2H6N-
2,2,4-Trimethylpentane	(CH3)2CHCH2C(CH3)3	-171.3	-223.7	1.5	114.2285	540-84-1*0	C8H18
Benzvalene cation	[((CHCH)(CH(CHCH)CH)	1200.1	1184.7	2.7	78.1113	81050-63-7*0	C6H6
Cyanic fluoride cation	[FCN]+	1294.4	1294.9	1.1	45.01529	62532-69-8*0	CFN+
Cyanic fluoride anion	[FCN]-	-20.4	-18.4	2.9	45.01639	34507-50-1*0	CFN-
Diazoethenylidene anion	[NNCC]-	529.7	532.3	3.5	52.0354	*130760-11-1*0	C2N2-
Water anion	[H2O]-	-50.1	-53.0	4.3	18.01583	12259-30-2*0	H2O-
Peroxyformate	[HC(O)OO]-	-340.91	-346.36	0.95	61.0174	104960-05-6*0	CHO3-
Chlorohydroxymethylene	ClCOH	13.9	11.2	2.6	64.4707	147723-60-2*0	CHClO
Butadienylacetylene	CH2CHCHCHCCH	358.7	346.2	1.9	78.1118	10420-90-3*0	C6H6
Cyclopentadienide	[CH(CHCHCHCH)]-	100.2	87.2	1.1	65.0937	12127-83-2*0	C5H5-
Divinylacetylene	CH2CHCCCHCH2	361.7	350.6	2.0	78.1118	821-08-9*0	C6H6
Ethynol cation	[HCCOH]+	1063.8	1061.2	2.9	42.0361	84005-02-7*0	C2H2O+
Biallenyl	CH2CCHCHCCH2	410.5	399.4	1.5	78.1118	29776-96-3*0	C6H6
Nitrous acid anion	[HONO]-	-105.84	-109.31	0.78	47.01403	256393-36-9*0	HNO2-
Propargylallene	CH2CCHCH2CCH	431.2	419.8	1.4	78.1118	33142-15-3*0	C6H6
Hydrazoic acid anion	[HNNN]-	309.0	303.2	2.3	43.02871	203264-98-6*0	HN3-
3-Methylene-1-penten-4-yne	CH2CHC(CH2)CCH	362.5	350.1	2.2	78.1118	6929-96-0*0	C6H6
1,2,3,5-Hexatetraene	CH2CCCHCHCH2	391.6	380.2	1.6	78.1118	60239-33-0*0	C6H6
Isocyanic fluoride cation	[FNC]+	1618.4	1619.0	4.0	45.01529	*16992-26-0*0	CFN+
(Chlorooxy)methylene	HCOCl	119.1	117.8	2.7	64.4707	331419-80-8*0	CHClO
Isofulminic acid cation	[HONC]+	1376.9	1374.8	2.9	43.02423	117800-60-9*0	CHNO+
(Dimethylamino)methyl anion	[(CH3)2NCH2]-	190.2	166.0	3.3	58.1029	125231-49-4*0	C3H8N-
Nitrosyl nitrite anion	[ONONO]-	-103.0	-106.1	2.8	76.01223	*122413-35-8*0	N2O3-
trans-Cycloheptene	CH2(CHCHCH2CH2CH2CH2	141.6	103.6	1.9	96.1702	45509-99-7*0	C7H12
Hydrodioxonitrogen cation	[HN(O)O]+	1130.2	1123.6	3.0	47.01293	252986-76-8*0	HNO2+
1-Methylallyl	CH3CHCHCH2	154.61	138.14	0.79	55.0984	15819-46-2*0	C4H7
Chloroformyl anion	[ClCO]-	-356.5	-352.9	3.3	63.4633	41976-93-6*0	CClO-
2-Propenylidene	CHCHCH2	417.4	410.4	1.5	40.0639	19527-08-3*0	C3H4
1,2-Dichloroethene	CHClCHCl	3.47	-1.85	0.54	96.9427	540-59-0*0	C2H2Cl2
Iminomethyl	HCNH	275.79	272.19	0.61	28.03332	15691-95-9*0	CH2N
Hydroxymethylene anion	[HCOH]-	147.1	144.2	1.6	30.02653	207914-87-2*0	CH2O-
3-Buten-2-one	CH3C(O)CHCH2	-95.49	-111.02	0.87	70.0898	78-94-4*0	C4H6O
Naphthalene cation	[C6H4(C4H4)]+	956.72	933.65	0.6	128.17	34512-27-1*0	C10H8+
Naphthalene anion	[C6H4(C4H4)]-	187.4	164.5	3.1	128.1711	34509-91-6*0	C10H8-
Isocyanic acid anion	[HNCO]-	-54.3	-57.4	3.0	43.02533	*444010-28-0*0	CHNO-
COC vdW	(CO)(C)	589.7	598.5	1.5	40.0208	*12071-24-8*0	C2O
Dinitrogen anion	[N2]-	192.5	192.5	1.7	28.01403	12185-02-3*0	N2-
Isocyanogen anion	[CNCN]-	386.6	388.7	3.3	52.0354	*83951-85-3*0	C2N2-
Cyanogen chloride anion	[ClCN]-	46.7	51.0	3.1	61.4707	12281-43-5*0	CClN-
Iminomethide	[HCNH]-	237.3	233.6	1.8	28.03387	90623-30-6*0	CH2N-
Diphenylacetylene	C6H5CCC6H5		407.6	1.5	178.2292	501-65-5*0	C14H10
Hydrodioxonitrate	[HN(O)O]-	-61.8	-68.2	3.2	47.01403	61508-71-2*0	HNO2-
Oxide	[O]-2	651.0	653.0	15.0	16.0005	16833-27-5*0	O-2
Cyanogen bromide cation	[BrCN]+	1331.6	1325.3	1.1	105.9209	34749-77-4*0	CBrN+
Hydroxymethylene cation	[HCOH]+	971.9	968.3	1.4	30.02543	135395-06-1*0	CH2O+
Butadiynylium	[CCCCH]+	1781.2	1787.7	3.2	49.0502	76108-67-3*0	C4H+
2-Iodoethanol	ICH2CH2OH	-132.0	-150.2	2.5	171.965	624-76-0*0	C2H5IO
Diisocyanogen anion	[CNNC]-	456.8	462.5	3.6	52.0354	*78800-22-3*0	C2N2-
Diisocyanogen cation	[CNNC]+	1825.3	1828.5	3.2	52.0343	*78800-21-2*0	C2N2+
1,3-Butadien-2-ol	CH2C(OH)CHCH2	-53.8	-68.7	1.6	70.0898	59120-04-6*0	C4H6O
Chlorous acid anion	[HOClO]-	-154.2	-156.1	3.3	68.46	99559-66-7*0	ClHO2-
Hydroperoxonium	[H2OOH]+	738.1	727.8	1.2	35.02207	70850-26-9*0	H3O2+
Chlorine pentafluoride cation	[FCl(F)(F)(F)F]+	1005.8	996.8	3.3	130.44417	478167-78-1*0	ClF5+
1,2-Propadien-1-one anion	[CH2CCO]-	49.5	48.3	3.1	54.0479	159171-62-7*0	C3H2O-
Trioxodinitrate anion	[ONN(O)O]-	-104.2	-107.5	1.9	76.01223	194856-62-7*0	N2O3-
Krypton dication	[Kr]+2	3701.124	3701.124	0.013	83.7989	18469-91-5*0	Kr+2
Propargylenide	[HCCCH]-	434.4	437.6	1.1	38.0485	82906-05-6*0	C3H2-
Xenon dication	[Xe]+2	3194.14	3194.14	0.36	131.2889	14066-95-6*0	Xe+2
Neon dication	[Ne]+2	6032.988	6033.214	0.0041	20.1786	14041-55-5*0	Ne+2
Neon trication	[Ne]+3	12152.403	12152.403	0.033	20.17805	14158-25-9*0	Ne+3
Neon tetracation	[Ne]+4	21529.82	21531.45	0.25	20.17751	14041-56-6*0	Ne+4
Neon pentacation	[Ne]+5	33711.1	33711.1	1.2	20.17696	14175-48-5*0	Ne+5
Neon hexacation	[Ne]+6	48949.3	48949.3	1.3	20.17641	14041-57-7*0	Ne+6
Neon heptacation	[Ne]+7	68948.7	68948.7	1.5	20.17586	14175-50-9*0	Ne+7
Neon octacation	[Ne]+8	92018.2	92018.2	1.5	20.17531	14782-26-4*0	Ne+8
Neon nonacation	[Ne]+9	207396.1	207396.1	1.5	20.17476	15721-59-2*0	Ne+9
Neon cation	Ne+	2080.662	2080.769	0.0	20.17915	14782-23-1*0	Ne+
Neon decacation	[Ne]+10	338828.3	338828.3	1.5	20.17421	32218-07-8*0	Ne+10
Argon dimer cation	[Ar2]+	1393.76	1391.173	0.018	79.8955	17596-58-6*0	Ar2+
Argon cation	Ar+	1520.571	1520.58	0.0	39.94745	14791-69-6*0	Ar+
Argon dimer	Ar2	-1.013	-6.347	0.0051	79.896	12595-59-4*0	Ar2
Helium cation	He+	2372.322	2372.322	0.0	4.0020534	14234-48-1*0	He+
Helium dication	[He]+2	7622.839	7622.839	0.0	4.0015048	12587-46-1*0	He+2
Helium anion	He-	51.0	51.0	130.0	4.0031506	14452-58-5*0	He-
Argon anion	Ar-	23.0	23.0	75.0	39.94855	16544-90-4*0	Ar-
